# Between Two Poles astronaut design v1; Y up, +Z front; metres
mtllib astronaut-v1.mtl
o Torso_fabric
usemtl fabric
s off
v -0.170000 0.391000 0.077500
v -0.170000 0.671000 0.077500
v -0.170000 0.671000 -0.077500
v -0.170000 0.391000 -0.077500
f 1 2 3
f 1 3 4
v 0.170000 0.391000 -0.077500
v 0.170000 0.671000 -0.077500
v 0.170000 0.671000 0.077500
v 0.170000 0.391000 0.077500
f 5 6 7
f 5 7 8
v -0.125000 0.346000 -0.077500
v 0.125000 0.346000 -0.077500
v 0.125000 0.346000 0.077500
v -0.125000 0.346000 0.077500
f 9 10 11
f 9 11 12
v -0.125000 0.716000 0.077500
v 0.125000 0.716000 0.077500
v 0.125000 0.716000 -0.077500
v -0.125000 0.716000 -0.077500
f 13 14 15
f 13 15 16
v -0.125000 0.671000 -0.122500
v 0.125000 0.671000 -0.122500
v 0.125000 0.391000 -0.122500
v -0.125000 0.391000 -0.122500
f 17 18 19
f 17 19 20
v -0.125000 0.391000 0.122500
v 0.125000 0.391000 0.122500
v 0.125000 0.671000 0.122500
v -0.125000 0.671000 0.122500
f 21 22 23
f 21 23 24
v -0.170000 0.391000 -0.077500
v -0.125000 0.346000 -0.077500
v -0.125000 0.346000 0.077500
v -0.170000 0.391000 0.077500
f 25 26 27
f 25 27 28
v -0.170000 0.671000 0.077500
v -0.125000 0.716000 0.077500
v -0.125000 0.716000 -0.077500
v -0.170000 0.671000 -0.077500
f 29 30 31
f 29 31 32
v 0.170000 0.391000 0.077500
v 0.125000 0.346000 0.077500
v 0.125000 0.346000 -0.077500
v 0.170000 0.391000 -0.077500
f 33 34 35
f 33 35 36
v 0.170000 0.671000 -0.077500
v 0.125000 0.716000 -0.077500
v 0.125000 0.716000 0.077500
v 0.170000 0.671000 0.077500
f 37 38 39
f 37 39 40
v -0.170000 0.671000 -0.077500
v -0.125000 0.671000 -0.122500
v -0.125000 0.391000 -0.122500
v -0.170000 0.391000 -0.077500
f 41 42 43
f 41 43 44
v -0.170000 0.391000 0.077500
v -0.125000 0.391000 0.122500
v -0.125000 0.671000 0.122500
v -0.170000 0.671000 0.077500
f 45 46 47
f 45 47 48
v 0.170000 0.391000 -0.077500
v 0.125000 0.391000 -0.122500
v 0.125000 0.671000 -0.122500
v 0.170000 0.671000 -0.077500
f 49 50 51
f 49 51 52
v 0.170000 0.671000 0.077500
v 0.125000 0.671000 0.122500
v 0.125000 0.391000 0.122500
v 0.170000 0.391000 0.077500
f 53 54 55
f 53 55 56
v -0.125000 0.346000 -0.077500
v -0.125000 0.391000 -0.122500
v 0.125000 0.391000 -0.122500
v 0.125000 0.346000 -0.077500
f 57 58 59
f 57 59 60
v 0.125000 0.346000 0.077500
v 0.125000 0.391000 0.122500
v -0.125000 0.391000 0.122500
v -0.125000 0.346000 0.077500
f 61 62 63
f 61 63 64
v 0.125000 0.716000 -0.077500
v 0.125000 0.671000 -0.122500
v -0.125000 0.671000 -0.122500
v -0.125000 0.716000 -0.077500
f 65 66 67
f 65 67 68
v -0.125000 0.716000 0.077500
v -0.125000 0.671000 0.122500
v 0.125000 0.671000 0.122500
v 0.125000 0.716000 0.077500
f 69 70 71
f 69 71 72
v -0.125000 0.391000 -0.122500
v -0.125000 0.346000 -0.077500
v -0.170000 0.391000 -0.077500
f 73 74 75
v -0.170000 0.391000 0.077500
v -0.125000 0.346000 0.077500
v -0.125000 0.391000 0.122500
f 76 77 78
v -0.170000 0.671000 -0.077500
v -0.125000 0.716000 -0.077500
v -0.125000 0.671000 -0.122500
f 79 80 81
v -0.125000 0.671000 0.122500
v -0.125000 0.716000 0.077500
v -0.170000 0.671000 0.077500
f 82 83 84
v 0.170000 0.391000 -0.077500
v 0.125000 0.346000 -0.077500
v 0.125000 0.391000 -0.122500
f 85 86 87
v 0.125000 0.391000 0.122500
v 0.125000 0.346000 0.077500
v 0.170000 0.391000 0.077500
f 88 89 90
v 0.125000 0.671000 -0.122500
v 0.125000 0.716000 -0.077500
v 0.170000 0.671000 -0.077500
f 91 92 93
v 0.170000 0.671000 0.077500
v 0.125000 0.716000 0.077500
v 0.125000 0.671000 0.122500
f 94 95 96
o Chest_shell
usemtl ivory
s off
v -0.186000 0.474000 0.120500
v -0.186000 0.666000 0.120500
v -0.186000 0.666000 -0.024500
v -0.186000 0.474000 -0.024500
f 97 98 99
f 97 99 100
v 0.186000 0.474000 -0.024500
v 0.186000 0.666000 -0.024500
v 0.186000 0.666000 0.120500
v 0.186000 0.474000 0.120500
f 101 102 103
f 101 103 104
v -0.141000 0.429000 -0.024500
v 0.141000 0.429000 -0.024500
v 0.141000 0.429000 0.120500
v -0.141000 0.429000 0.120500
f 105 106 107
f 105 107 108
v -0.141000 0.711000 0.120500
v 0.141000 0.711000 0.120500
v 0.141000 0.711000 -0.024500
v -0.141000 0.711000 -0.024500
f 109 110 111
f 109 111 112
v -0.141000 0.666000 -0.069500
v 0.141000 0.666000 -0.069500
v 0.141000 0.474000 -0.069500
v -0.141000 0.474000 -0.069500
f 113 114 115
f 113 115 116
v -0.141000 0.474000 0.165500
v 0.141000 0.474000 0.165500
v 0.141000 0.666000 0.165500
v -0.141000 0.666000 0.165500
f 117 118 119
f 117 119 120
v -0.186000 0.474000 -0.024500
v -0.141000 0.429000 -0.024500
v -0.141000 0.429000 0.120500
v -0.186000 0.474000 0.120500
f 121 122 123
f 121 123 124
v -0.186000 0.666000 0.120500
v -0.141000 0.711000 0.120500
v -0.141000 0.711000 -0.024500
v -0.186000 0.666000 -0.024500
f 125 126 127
f 125 127 128
v 0.186000 0.474000 0.120500
v 0.141000 0.429000 0.120500
v 0.141000 0.429000 -0.024500
v 0.186000 0.474000 -0.024500
f 129 130 131
f 129 131 132
v 0.186000 0.666000 -0.024500
v 0.141000 0.711000 -0.024500
v 0.141000 0.711000 0.120500
v 0.186000 0.666000 0.120500
f 133 134 135
f 133 135 136
v -0.186000 0.666000 -0.024500
v -0.141000 0.666000 -0.069500
v -0.141000 0.474000 -0.069500
v -0.186000 0.474000 -0.024500
f 137 138 139
f 137 139 140
v -0.186000 0.474000 0.120500
v -0.141000 0.474000 0.165500
v -0.141000 0.666000 0.165500
v -0.186000 0.666000 0.120500
f 141 142 143
f 141 143 144
v 0.186000 0.474000 -0.024500
v 0.141000 0.474000 -0.069500
v 0.141000 0.666000 -0.069500
v 0.186000 0.666000 -0.024500
f 145 146 147
f 145 147 148
v 0.186000 0.666000 0.120500
v 0.141000 0.666000 0.165500
v 0.141000 0.474000 0.165500
v 0.186000 0.474000 0.120500
f 149 150 151
f 149 151 152
v -0.141000 0.429000 -0.024500
v -0.141000 0.474000 -0.069500
v 0.141000 0.474000 -0.069500
v 0.141000 0.429000 -0.024500
f 153 154 155
f 153 155 156
v 0.141000 0.429000 0.120500
v 0.141000 0.474000 0.165500
v -0.141000 0.474000 0.165500
v -0.141000 0.429000 0.120500
f 157 158 159
f 157 159 160
v 0.141000 0.711000 -0.024500
v 0.141000 0.666000 -0.069500
v -0.141000 0.666000 -0.069500
v -0.141000 0.711000 -0.024500
f 161 162 163
f 161 163 164
v -0.141000 0.711000 0.120500
v -0.141000 0.666000 0.165500
v 0.141000 0.666000 0.165500
v 0.141000 0.711000 0.120500
f 165 166 167
f 165 167 168
v -0.141000 0.474000 -0.069500
v -0.141000 0.429000 -0.024500
v -0.186000 0.474000 -0.024500
f 169 170 171
v -0.186000 0.474000 0.120500
v -0.141000 0.429000 0.120500
v -0.141000 0.474000 0.165500
f 172 173 174
v -0.186000 0.666000 -0.024500
v -0.141000 0.711000 -0.024500
v -0.141000 0.666000 -0.069500
f 175 176 177
v -0.141000 0.666000 0.165500
v -0.141000 0.711000 0.120500
v -0.186000 0.666000 0.120500
f 178 179 180
v 0.186000 0.474000 -0.024500
v 0.141000 0.429000 -0.024500
v 0.141000 0.474000 -0.069500
f 181 182 183
v 0.141000 0.474000 0.165500
v 0.141000 0.429000 0.120500
v 0.186000 0.474000 0.120500
f 184 185 186
v 0.141000 0.666000 -0.069500
v 0.141000 0.711000 -0.024500
v 0.186000 0.666000 -0.024500
f 187 188 189
v 0.186000 0.666000 0.120500
v 0.141000 0.711000 0.120500
v 0.141000 0.666000 0.165500
f 190 191 192
o Pelvis
usemtl graphite
s off
v -0.150000 0.295000 0.095000
v -0.150000 0.375000 0.095000
v -0.150000 0.375000 -0.095000
v -0.150000 0.295000 -0.095000
f 193 194 195
f 193 195 196
v 0.150000 0.295000 -0.095000
v 0.150000 0.375000 -0.095000
v 0.150000 0.375000 0.095000
v 0.150000 0.295000 0.095000
f 197 198 199
f 197 199 200
v -0.130000 0.275000 -0.095000
v 0.130000 0.275000 -0.095000
v 0.130000 0.275000 0.095000
v -0.130000 0.275000 0.095000
f 201 202 203
f 201 203 204
v -0.130000 0.395000 0.095000
v 0.130000 0.395000 0.095000
v 0.130000 0.395000 -0.095000
v -0.130000 0.395000 -0.095000
f 205 206 207
f 205 207 208
v -0.130000 0.375000 -0.115000
v 0.130000 0.375000 -0.115000
v 0.130000 0.295000 -0.115000
v -0.130000 0.295000 -0.115000
f 209 210 211
f 209 211 212
v -0.130000 0.295000 0.115000
v 0.130000 0.295000 0.115000
v 0.130000 0.375000 0.115000
v -0.130000 0.375000 0.115000
f 213 214 215
f 213 215 216
v -0.150000 0.295000 -0.095000
v -0.130000 0.275000 -0.095000
v -0.130000 0.275000 0.095000
v -0.150000 0.295000 0.095000
f 217 218 219
f 217 219 220
v -0.150000 0.375000 0.095000
v -0.130000 0.395000 0.095000
v -0.130000 0.395000 -0.095000
v -0.150000 0.375000 -0.095000
f 221 222 223
f 221 223 224
v 0.150000 0.295000 0.095000
v 0.130000 0.275000 0.095000
v 0.130000 0.275000 -0.095000
v 0.150000 0.295000 -0.095000
f 225 226 227
f 225 227 228
v 0.150000 0.375000 -0.095000
v 0.130000 0.395000 -0.095000
v 0.130000 0.395000 0.095000
v 0.150000 0.375000 0.095000
f 229 230 231
f 229 231 232
v -0.150000 0.375000 -0.095000
v -0.130000 0.375000 -0.115000
v -0.130000 0.295000 -0.115000
v -0.150000 0.295000 -0.095000
f 233 234 235
f 233 235 236
v -0.150000 0.295000 0.095000
v -0.130000 0.295000 0.115000
v -0.130000 0.375000 0.115000
v -0.150000 0.375000 0.095000
f 237 238 239
f 237 239 240
v 0.150000 0.295000 -0.095000
v 0.130000 0.295000 -0.115000
v 0.130000 0.375000 -0.115000
v 0.150000 0.375000 -0.095000
f 241 242 243
f 241 243 244
v 0.150000 0.375000 0.095000
v 0.130000 0.375000 0.115000
v 0.130000 0.295000 0.115000
v 0.150000 0.295000 0.095000
f 245 246 247
f 245 247 248
v -0.130000 0.275000 -0.095000
v -0.130000 0.295000 -0.115000
v 0.130000 0.295000 -0.115000
v 0.130000 0.275000 -0.095000
f 249 250 251
f 249 251 252
v 0.130000 0.275000 0.095000
v 0.130000 0.295000 0.115000
v -0.130000 0.295000 0.115000
v -0.130000 0.275000 0.095000
f 253 254 255
f 253 255 256
v 0.130000 0.395000 -0.095000
v 0.130000 0.375000 -0.115000
v -0.130000 0.375000 -0.115000
v -0.130000 0.395000 -0.095000
f 257 258 259
f 257 259 260
v -0.130000 0.395000 0.095000
v -0.130000 0.375000 0.115000
v 0.130000 0.375000 0.115000
v 0.130000 0.395000 0.095000
f 261 262 263
f 261 263 264
v -0.130000 0.295000 -0.115000
v -0.130000 0.275000 -0.095000
v -0.150000 0.295000 -0.095000
f 265 266 267
v -0.150000 0.295000 0.095000
v -0.130000 0.275000 0.095000
v -0.130000 0.295000 0.115000
f 268 269 270
v -0.150000 0.375000 -0.095000
v -0.130000 0.395000 -0.095000
v -0.130000 0.375000 -0.115000
f 271 272 273
v -0.130000 0.375000 0.115000
v -0.130000 0.395000 0.095000
v -0.150000 0.375000 0.095000
f 274 275 276
v 0.150000 0.295000 -0.095000
v 0.130000 0.275000 -0.095000
v 0.130000 0.295000 -0.115000
f 277 278 279
v 0.130000 0.295000 0.115000
v 0.130000 0.275000 0.095000
v 0.150000 0.295000 0.095000
f 280 281 282
v 0.130000 0.375000 -0.115000
v 0.130000 0.395000 -0.095000
v 0.150000 0.375000 -0.095000
f 283 284 285
v 0.150000 0.375000 0.095000
v 0.130000 0.395000 0.095000
v 0.130000 0.375000 0.115000
f 286 287 288
o Belt
usemtl rubber
s off
v -0.178000 0.358000 0.120000
v -0.178000 0.396000 0.120000
v -0.178000 0.396000 -0.116000
v -0.178000 0.358000 -0.116000
f 289 290 291
f 289 291 292
v 0.178000 0.358000 -0.116000
v 0.178000 0.396000 -0.116000
v 0.178000 0.396000 0.120000
v 0.178000 0.358000 0.120000
f 293 294 295
f 293 295 296
v -0.166000 0.346000 -0.116000
v 0.166000 0.346000 -0.116000
v 0.166000 0.346000 0.120000
v -0.166000 0.346000 0.120000
f 297 298 299
f 297 299 300
v -0.166000 0.408000 0.120000
v 0.166000 0.408000 0.120000
v 0.166000 0.408000 -0.116000
v -0.166000 0.408000 -0.116000
f 301 302 303
f 301 303 304
v -0.166000 0.396000 -0.128000
v 0.166000 0.396000 -0.128000
v 0.166000 0.358000 -0.128000
v -0.166000 0.358000 -0.128000
f 305 306 307
f 305 307 308
v -0.166000 0.358000 0.132000
v 0.166000 0.358000 0.132000
v 0.166000 0.396000 0.132000
v -0.166000 0.396000 0.132000
f 309 310 311
f 309 311 312
v -0.178000 0.358000 -0.116000
v -0.166000 0.346000 -0.116000
v -0.166000 0.346000 0.120000
v -0.178000 0.358000 0.120000
f 313 314 315
f 313 315 316
v -0.178000 0.396000 0.120000
v -0.166000 0.408000 0.120000
v -0.166000 0.408000 -0.116000
v -0.178000 0.396000 -0.116000
f 317 318 319
f 317 319 320
v 0.178000 0.358000 0.120000
v 0.166000 0.346000 0.120000
v 0.166000 0.346000 -0.116000
v 0.178000 0.358000 -0.116000
f 321 322 323
f 321 323 324
v 0.178000 0.396000 -0.116000
v 0.166000 0.408000 -0.116000
v 0.166000 0.408000 0.120000
v 0.178000 0.396000 0.120000
f 325 326 327
f 325 327 328
v -0.178000 0.396000 -0.116000
v -0.166000 0.396000 -0.128000
v -0.166000 0.358000 -0.128000
v -0.178000 0.358000 -0.116000
f 329 330 331
f 329 331 332
v -0.178000 0.358000 0.120000
v -0.166000 0.358000 0.132000
v -0.166000 0.396000 0.132000
v -0.178000 0.396000 0.120000
f 333 334 335
f 333 335 336
v 0.178000 0.358000 -0.116000
v 0.166000 0.358000 -0.128000
v 0.166000 0.396000 -0.128000
v 0.178000 0.396000 -0.116000
f 337 338 339
f 337 339 340
v 0.178000 0.396000 0.120000
v 0.166000 0.396000 0.132000
v 0.166000 0.358000 0.132000
v 0.178000 0.358000 0.120000
f 341 342 343
f 341 343 344
v -0.166000 0.346000 -0.116000
v -0.166000 0.358000 -0.128000
v 0.166000 0.358000 -0.128000
v 0.166000 0.346000 -0.116000
f 345 346 347
f 345 347 348
v 0.166000 0.346000 0.120000
v 0.166000 0.358000 0.132000
v -0.166000 0.358000 0.132000
v -0.166000 0.346000 0.120000
f 349 350 351
f 349 351 352
v 0.166000 0.408000 -0.116000
v 0.166000 0.396000 -0.128000
v -0.166000 0.396000 -0.128000
v -0.166000 0.408000 -0.116000
f 353 354 355
f 353 355 356
v -0.166000 0.408000 0.120000
v -0.166000 0.396000 0.132000
v 0.166000 0.396000 0.132000
v 0.166000 0.408000 0.120000
f 357 358 359
f 357 359 360
v -0.166000 0.358000 -0.128000
v -0.166000 0.346000 -0.116000
v -0.178000 0.358000 -0.116000
f 361 362 363
v -0.178000 0.358000 0.120000
v -0.166000 0.346000 0.120000
v -0.166000 0.358000 0.132000
f 364 365 366
v -0.178000 0.396000 -0.116000
v -0.166000 0.408000 -0.116000
v -0.166000 0.396000 -0.128000
f 367 368 369
v -0.166000 0.396000 0.132000
v -0.166000 0.408000 0.120000
v -0.178000 0.396000 0.120000
f 370 371 372
v 0.178000 0.358000 -0.116000
v 0.166000 0.346000 -0.116000
v 0.166000 0.358000 -0.128000
f 373 374 375
v 0.166000 0.358000 0.132000
v 0.166000 0.346000 0.120000
v 0.178000 0.358000 0.120000
f 376 377 378
v 0.166000 0.396000 -0.128000
v 0.166000 0.408000 -0.116000
v 0.178000 0.396000 -0.116000
f 379 380 381
v 0.178000 0.396000 0.120000
v 0.166000 0.408000 0.120000
v 0.166000 0.396000 0.132000
f 382 383 384
o Buckle
usemtl brass
s off
v -0.063000 0.359000 0.151000
v -0.063000 0.393000 0.151000
v -0.063000 0.393000 0.137000
v -0.063000 0.359000 0.137000
f 385 386 387
f 385 387 388
v 0.015000 0.359000 0.137000
v 0.015000 0.393000 0.137000
v 0.015000 0.393000 0.151000
v 0.015000 0.359000 0.151000
f 389 390 391
f 389 391 392
v -0.056000 0.352000 0.137000
v 0.008000 0.352000 0.137000
v 0.008000 0.352000 0.151000
v -0.056000 0.352000 0.151000
f 393 394 395
f 393 395 396
v -0.056000 0.400000 0.151000
v 0.008000 0.400000 0.151000
v 0.008000 0.400000 0.137000
v -0.056000 0.400000 0.137000
f 397 398 399
f 397 399 400
v -0.056000 0.393000 0.130000
v 0.008000 0.393000 0.130000
v 0.008000 0.359000 0.130000
v -0.056000 0.359000 0.130000
f 401 402 403
f 401 403 404
v -0.056000 0.359000 0.158000
v 0.008000 0.359000 0.158000
v 0.008000 0.393000 0.158000
v -0.056000 0.393000 0.158000
f 405 406 407
f 405 407 408
v -0.063000 0.359000 0.137000
v -0.056000 0.352000 0.137000
v -0.056000 0.352000 0.151000
v -0.063000 0.359000 0.151000
f 409 410 411
f 409 411 412
v -0.063000 0.393000 0.151000
v -0.056000 0.400000 0.151000
v -0.056000 0.400000 0.137000
v -0.063000 0.393000 0.137000
f 413 414 415
f 413 415 416
v 0.015000 0.359000 0.151000
v 0.008000 0.352000 0.151000
v 0.008000 0.352000 0.137000
v 0.015000 0.359000 0.137000
f 417 418 419
f 417 419 420
v 0.015000 0.393000 0.137000
v 0.008000 0.400000 0.137000
v 0.008000 0.400000 0.151000
v 0.015000 0.393000 0.151000
f 421 422 423
f 421 423 424
v -0.063000 0.393000 0.137000
v -0.056000 0.393000 0.130000
v -0.056000 0.359000 0.130000
v -0.063000 0.359000 0.137000
f 425 426 427
f 425 427 428
v -0.063000 0.359000 0.151000
v -0.056000 0.359000 0.158000
v -0.056000 0.393000 0.158000
v -0.063000 0.393000 0.151000
f 429 430 431
f 429 431 432
v 0.015000 0.359000 0.137000
v 0.008000 0.359000 0.130000
v 0.008000 0.393000 0.130000
v 0.015000 0.393000 0.137000
f 433 434 435
f 433 435 436
v 0.015000 0.393000 0.151000
v 0.008000 0.393000 0.158000
v 0.008000 0.359000 0.158000
v 0.015000 0.359000 0.151000
f 437 438 439
f 437 439 440
v -0.056000 0.352000 0.137000
v -0.056000 0.359000 0.130000
v 0.008000 0.359000 0.130000
v 0.008000 0.352000 0.137000
f 441 442 443
f 441 443 444
v 0.008000 0.352000 0.151000
v 0.008000 0.359000 0.158000
v -0.056000 0.359000 0.158000
v -0.056000 0.352000 0.151000
f 445 446 447
f 445 447 448
v 0.008000 0.400000 0.137000
v 0.008000 0.393000 0.130000
v -0.056000 0.393000 0.130000
v -0.056000 0.400000 0.137000
f 449 450 451
f 449 451 452
v -0.056000 0.400000 0.151000
v -0.056000 0.393000 0.158000
v 0.008000 0.393000 0.158000
v 0.008000 0.400000 0.151000
f 453 454 455
f 453 455 456
v -0.056000 0.359000 0.130000
v -0.056000 0.352000 0.137000
v -0.063000 0.359000 0.137000
f 457 458 459
v -0.063000 0.359000 0.151000
v -0.056000 0.352000 0.151000
v -0.056000 0.359000 0.158000
f 460 461 462
v -0.063000 0.393000 0.137000
v -0.056000 0.400000 0.137000
v -0.056000 0.393000 0.130000
f 463 464 465
v -0.056000 0.393000 0.158000
v -0.056000 0.400000 0.151000
v -0.063000 0.393000 0.151000
f 466 467 468
v 0.015000 0.359000 0.137000
v 0.008000 0.352000 0.137000
v 0.008000 0.359000 0.130000
f 469 470 471
v 0.008000 0.359000 0.158000
v 0.008000 0.352000 0.151000
v 0.015000 0.359000 0.151000
f 472 473 474
v 0.008000 0.393000 0.130000
v 0.008000 0.400000 0.137000
v 0.015000 0.393000 0.137000
f 475 476 477
v 0.015000 0.393000 0.151000
v 0.008000 0.400000 0.151000
v 0.008000 0.393000 0.158000
f 478 479 480
o Left_thigh
usemtl ivory
s off
v -0.172000 0.191000 0.070000
v -0.172000 0.331000 0.070000
v -0.172000 0.331000 -0.070000
v -0.172000 0.191000 -0.070000
f 481 482 483
f 481 483 484
v -0.022000 0.191000 -0.070000
v -0.022000 0.331000 -0.070000
v -0.022000 0.331000 0.070000
v -0.022000 0.191000 0.070000
f 485 486 487
f 485 487 488
v -0.146000 0.165000 -0.070000
v -0.048000 0.165000 -0.070000
v -0.048000 0.165000 0.070000
v -0.146000 0.165000 0.070000
f 489 490 491
f 489 491 492
v -0.146000 0.357000 0.070000
v -0.048000 0.357000 0.070000
v -0.048000 0.357000 -0.070000
v -0.146000 0.357000 -0.070000
f 493 494 495
f 493 495 496
v -0.146000 0.331000 -0.096000
v -0.048000 0.331000 -0.096000
v -0.048000 0.191000 -0.096000
v -0.146000 0.191000 -0.096000
f 497 498 499
f 497 499 500
v -0.146000 0.191000 0.096000
v -0.048000 0.191000 0.096000
v -0.048000 0.331000 0.096000
v -0.146000 0.331000 0.096000
f 501 502 503
f 501 503 504
v -0.172000 0.191000 -0.070000
v -0.146000 0.165000 -0.070000
v -0.146000 0.165000 0.070000
v -0.172000 0.191000 0.070000
f 505 506 507
f 505 507 508
v -0.172000 0.331000 0.070000
v -0.146000 0.357000 0.070000
v -0.146000 0.357000 -0.070000
v -0.172000 0.331000 -0.070000
f 509 510 511
f 509 511 512
v -0.022000 0.191000 0.070000
v -0.048000 0.165000 0.070000
v -0.048000 0.165000 -0.070000
v -0.022000 0.191000 -0.070000
f 513 514 515
f 513 515 516
v -0.022000 0.331000 -0.070000
v -0.048000 0.357000 -0.070000
v -0.048000 0.357000 0.070000
v -0.022000 0.331000 0.070000
f 517 518 519
f 517 519 520
v -0.172000 0.331000 -0.070000
v -0.146000 0.331000 -0.096000
v -0.146000 0.191000 -0.096000
v -0.172000 0.191000 -0.070000
f 521 522 523
f 521 523 524
v -0.172000 0.191000 0.070000
v -0.146000 0.191000 0.096000
v -0.146000 0.331000 0.096000
v -0.172000 0.331000 0.070000
f 525 526 527
f 525 527 528
v -0.022000 0.191000 -0.070000
v -0.048000 0.191000 -0.096000
v -0.048000 0.331000 -0.096000
v -0.022000 0.331000 -0.070000
f 529 530 531
f 529 531 532
v -0.022000 0.331000 0.070000
v -0.048000 0.331000 0.096000
v -0.048000 0.191000 0.096000
v -0.022000 0.191000 0.070000
f 533 534 535
f 533 535 536
v -0.146000 0.165000 -0.070000
v -0.146000 0.191000 -0.096000
v -0.048000 0.191000 -0.096000
v -0.048000 0.165000 -0.070000
f 537 538 539
f 537 539 540
v -0.048000 0.165000 0.070000
v -0.048000 0.191000 0.096000
v -0.146000 0.191000 0.096000
v -0.146000 0.165000 0.070000
f 541 542 543
f 541 543 544
v -0.048000 0.357000 -0.070000
v -0.048000 0.331000 -0.096000
v -0.146000 0.331000 -0.096000
v -0.146000 0.357000 -0.070000
f 545 546 547
f 545 547 548
v -0.146000 0.357000 0.070000
v -0.146000 0.331000 0.096000
v -0.048000 0.331000 0.096000
v -0.048000 0.357000 0.070000
f 549 550 551
f 549 551 552
v -0.146000 0.191000 -0.096000
v -0.146000 0.165000 -0.070000
v -0.172000 0.191000 -0.070000
f 553 554 555
v -0.172000 0.191000 0.070000
v -0.146000 0.165000 0.070000
v -0.146000 0.191000 0.096000
f 556 557 558
v -0.172000 0.331000 -0.070000
v -0.146000 0.357000 -0.070000
v -0.146000 0.331000 -0.096000
f 559 560 561
v -0.146000 0.331000 0.096000
v -0.146000 0.357000 0.070000
v -0.172000 0.331000 0.070000
f 562 563 564
v -0.022000 0.191000 -0.070000
v -0.048000 0.165000 -0.070000
v -0.048000 0.191000 -0.096000
f 565 566 567
v -0.048000 0.191000 0.096000
v -0.048000 0.165000 0.070000
v -0.022000 0.191000 0.070000
f 568 569 570
v -0.048000 0.331000 -0.096000
v -0.048000 0.357000 -0.070000
v -0.022000 0.331000 -0.070000
f 571 572 573
v -0.022000 0.331000 0.070000
v -0.048000 0.357000 0.070000
v -0.048000 0.331000 0.096000
f 574 575 576
o Left_knee
usemtl graphite
s off
v -0.162500 0.170500 0.090000
v -0.162500 0.209500 0.090000
v -0.162500 0.209500 -0.054000
v -0.162500 0.170500 -0.054000
f 577 578 579
f 577 579 580
v -0.035500 0.170500 -0.054000
v -0.035500 0.209500 -0.054000
v -0.035500 0.209500 0.090000
v -0.035500 0.170500 0.090000
f 581 582 583
f 581 583 584
v -0.145500 0.153500 -0.054000
v -0.052500 0.153500 -0.054000
v -0.052500 0.153500 0.090000
v -0.145500 0.153500 0.090000
f 585 586 587
f 585 587 588
v -0.145500 0.226500 0.090000
v -0.052500 0.226500 0.090000
v -0.052500 0.226500 -0.054000
v -0.145500 0.226500 -0.054000
f 589 590 591
f 589 591 592
v -0.145500 0.209500 -0.071000
v -0.052500 0.209500 -0.071000
v -0.052500 0.170500 -0.071000
v -0.145500 0.170500 -0.071000
f 593 594 595
f 593 595 596
v -0.145500 0.170500 0.107000
v -0.052500 0.170500 0.107000
v -0.052500 0.209500 0.107000
v -0.145500 0.209500 0.107000
f 597 598 599
f 597 599 600
v -0.162500 0.170500 -0.054000
v -0.145500 0.153500 -0.054000
v -0.145500 0.153500 0.090000
v -0.162500 0.170500 0.090000
f 601 602 603
f 601 603 604
v -0.162500 0.209500 0.090000
v -0.145500 0.226500 0.090000
v -0.145500 0.226500 -0.054000
v -0.162500 0.209500 -0.054000
f 605 606 607
f 605 607 608
v -0.035500 0.170500 0.090000
v -0.052500 0.153500 0.090000
v -0.052500 0.153500 -0.054000
v -0.035500 0.170500 -0.054000
f 609 610 611
f 609 611 612
v -0.035500 0.209500 -0.054000
v -0.052500 0.226500 -0.054000
v -0.052500 0.226500 0.090000
v -0.035500 0.209500 0.090000
f 613 614 615
f 613 615 616
v -0.162500 0.209500 -0.054000
v -0.145500 0.209500 -0.071000
v -0.145500 0.170500 -0.071000
v -0.162500 0.170500 -0.054000
f 617 618 619
f 617 619 620
v -0.162500 0.170500 0.090000
v -0.145500 0.170500 0.107000
v -0.145500 0.209500 0.107000
v -0.162500 0.209500 0.090000
f 621 622 623
f 621 623 624
v -0.035500 0.170500 -0.054000
v -0.052500 0.170500 -0.071000
v -0.052500 0.209500 -0.071000
v -0.035500 0.209500 -0.054000
f 625 626 627
f 625 627 628
v -0.035500 0.209500 0.090000
v -0.052500 0.209500 0.107000
v -0.052500 0.170500 0.107000
v -0.035500 0.170500 0.090000
f 629 630 631
f 629 631 632
v -0.145500 0.153500 -0.054000
v -0.145500 0.170500 -0.071000
v -0.052500 0.170500 -0.071000
v -0.052500 0.153500 -0.054000
f 633 634 635
f 633 635 636
v -0.052500 0.153500 0.090000
v -0.052500 0.170500 0.107000
v -0.145500 0.170500 0.107000
v -0.145500 0.153500 0.090000
f 637 638 639
f 637 639 640
v -0.052500 0.226500 -0.054000
v -0.052500 0.209500 -0.071000
v -0.145500 0.209500 -0.071000
v -0.145500 0.226500 -0.054000
f 641 642 643
f 641 643 644
v -0.145500 0.226500 0.090000
v -0.145500 0.209500 0.107000
v -0.052500 0.209500 0.107000
v -0.052500 0.226500 0.090000
f 645 646 647
f 645 647 648
v -0.145500 0.170500 -0.071000
v -0.145500 0.153500 -0.054000
v -0.162500 0.170500 -0.054000
f 649 650 651
v -0.162500 0.170500 0.090000
v -0.145500 0.153500 0.090000
v -0.145500 0.170500 0.107000
f 652 653 654
v -0.162500 0.209500 -0.054000
v -0.145500 0.226500 -0.054000
v -0.145500 0.209500 -0.071000
f 655 656 657
v -0.145500 0.209500 0.107000
v -0.145500 0.226500 0.090000
v -0.162500 0.209500 0.090000
f 658 659 660
v -0.035500 0.170500 -0.054000
v -0.052500 0.153500 -0.054000
v -0.052500 0.170500 -0.071000
f 661 662 663
v -0.052500 0.170500 0.107000
v -0.052500 0.153500 0.090000
v -0.035500 0.170500 0.090000
f 664 665 666
v -0.052500 0.209500 -0.071000
v -0.052500 0.226500 -0.054000
v -0.035500 0.209500 -0.054000
f 667 668 669
v -0.035500 0.209500 0.090000
v -0.052500 0.226500 0.090000
v -0.052500 0.209500 0.107000
f 670 671 672
o Left_kneepad
usemtl fabric
s off
v -0.158500 0.169500 0.111000
v -0.158500 0.220500 0.111000
v -0.158500 0.220500 0.097000
v -0.158500 0.169500 0.097000
f 673 674 675
f 673 675 676
v -0.039500 0.169500 0.097000
v -0.039500 0.220500 0.097000
v -0.039500 0.220500 0.111000
v -0.039500 0.169500 0.111000
f 677 678 679
f 677 679 680
v -0.149500 0.160500 0.097000
v -0.048500 0.160500 0.097000
v -0.048500 0.160500 0.111000
v -0.149500 0.160500 0.111000
f 681 682 683
f 681 683 684
v -0.149500 0.229500 0.111000
v -0.048500 0.229500 0.111000
v -0.048500 0.229500 0.097000
v -0.149500 0.229500 0.097000
f 685 686 687
f 685 687 688
v -0.149500 0.220500 0.088000
v -0.048500 0.220500 0.088000
v -0.048500 0.169500 0.088000
v -0.149500 0.169500 0.088000
f 689 690 691
f 689 691 692
v -0.149500 0.169500 0.120000
v -0.048500 0.169500 0.120000
v -0.048500 0.220500 0.120000
v -0.149500 0.220500 0.120000
f 693 694 695
f 693 695 696
v -0.158500 0.169500 0.097000
v -0.149500 0.160500 0.097000
v -0.149500 0.160500 0.111000
v -0.158500 0.169500 0.111000
f 697 698 699
f 697 699 700
v -0.158500 0.220500 0.111000
v -0.149500 0.229500 0.111000
v -0.149500 0.229500 0.097000
v -0.158500 0.220500 0.097000
f 701 702 703
f 701 703 704
v -0.039500 0.169500 0.111000
v -0.048500 0.160500 0.111000
v -0.048500 0.160500 0.097000
v -0.039500 0.169500 0.097000
f 705 706 707
f 705 707 708
v -0.039500 0.220500 0.097000
v -0.048500 0.229500 0.097000
v -0.048500 0.229500 0.111000
v -0.039500 0.220500 0.111000
f 709 710 711
f 709 711 712
v -0.158500 0.220500 0.097000
v -0.149500 0.220500 0.088000
v -0.149500 0.169500 0.088000
v -0.158500 0.169500 0.097000
f 713 714 715
f 713 715 716
v -0.158500 0.169500 0.111000
v -0.149500 0.169500 0.120000
v -0.149500 0.220500 0.120000
v -0.158500 0.220500 0.111000
f 717 718 719
f 717 719 720
v -0.039500 0.169500 0.097000
v -0.048500 0.169500 0.088000
v -0.048500 0.220500 0.088000
v -0.039500 0.220500 0.097000
f 721 722 723
f 721 723 724
v -0.039500 0.220500 0.111000
v -0.048500 0.220500 0.120000
v -0.048500 0.169500 0.120000
v -0.039500 0.169500 0.111000
f 725 726 727
f 725 727 728
v -0.149500 0.160500 0.097000
v -0.149500 0.169500 0.088000
v -0.048500 0.169500 0.088000
v -0.048500 0.160500 0.097000
f 729 730 731
f 729 731 732
v -0.048500 0.160500 0.111000
v -0.048500 0.169500 0.120000
v -0.149500 0.169500 0.120000
v -0.149500 0.160500 0.111000
f 733 734 735
f 733 735 736
v -0.048500 0.229500 0.097000
v -0.048500 0.220500 0.088000
v -0.149500 0.220500 0.088000
v -0.149500 0.229500 0.097000
f 737 738 739
f 737 739 740
v -0.149500 0.229500 0.111000
v -0.149500 0.220500 0.120000
v -0.048500 0.220500 0.120000
v -0.048500 0.229500 0.111000
f 741 742 743
f 741 743 744
v -0.149500 0.169500 0.088000
v -0.149500 0.160500 0.097000
v -0.158500 0.169500 0.097000
f 745 746 747
v -0.158500 0.169500 0.111000
v -0.149500 0.160500 0.111000
v -0.149500 0.169500 0.120000
f 748 749 750
v -0.158500 0.220500 0.097000
v -0.149500 0.229500 0.097000
v -0.149500 0.220500 0.088000
f 751 752 753
v -0.149500 0.220500 0.120000
v -0.149500 0.229500 0.111000
v -0.158500 0.220500 0.111000
f 754 755 756
v -0.039500 0.169500 0.097000
v -0.048500 0.160500 0.097000
v -0.048500 0.169500 0.088000
f 757 758 759
v -0.048500 0.169500 0.120000
v -0.048500 0.160500 0.111000
v -0.039500 0.169500 0.111000
f 760 761 762
v -0.048500 0.220500 0.088000
v -0.048500 0.229500 0.097000
v -0.039500 0.220500 0.097000
f 763 764 765
v -0.039500 0.220500 0.111000
v -0.048500 0.229500 0.111000
v -0.048500 0.220500 0.120000
f 766 767 768
o Left_shin
usemtl porcelain
s off
v -0.176000 0.076500 0.072500
v -0.176000 0.167500 0.072500
v -0.176000 0.167500 -0.072500
v -0.176000 0.076500 -0.072500
f 769 770 771
f 769 771 772
v -0.024000 0.076500 -0.072500
v -0.024000 0.167500 -0.072500
v -0.024000 0.167500 0.072500
v -0.024000 0.076500 0.072500
f 773 774 775
f 773 775 776
v -0.155000 0.055500 -0.072500
v -0.045000 0.055500 -0.072500
v -0.045000 0.055500 0.072500
v -0.155000 0.055500 0.072500
f 777 778 779
f 777 779 780
v -0.155000 0.188500 0.072500
v -0.045000 0.188500 0.072500
v -0.045000 0.188500 -0.072500
v -0.155000 0.188500 -0.072500
f 781 782 783
f 781 783 784
v -0.155000 0.167500 -0.093500
v -0.045000 0.167500 -0.093500
v -0.045000 0.076500 -0.093500
v -0.155000 0.076500 -0.093500
f 785 786 787
f 785 787 788
v -0.155000 0.076500 0.093500
v -0.045000 0.076500 0.093500
v -0.045000 0.167500 0.093500
v -0.155000 0.167500 0.093500
f 789 790 791
f 789 791 792
v -0.176000 0.076500 -0.072500
v -0.155000 0.055500 -0.072500
v -0.155000 0.055500 0.072500
v -0.176000 0.076500 0.072500
f 793 794 795
f 793 795 796
v -0.176000 0.167500 0.072500
v -0.155000 0.188500 0.072500
v -0.155000 0.188500 -0.072500
v -0.176000 0.167500 -0.072500
f 797 798 799
f 797 799 800
v -0.024000 0.076500 0.072500
v -0.045000 0.055500 0.072500
v -0.045000 0.055500 -0.072500
v -0.024000 0.076500 -0.072500
f 801 802 803
f 801 803 804
v -0.024000 0.167500 -0.072500
v -0.045000 0.188500 -0.072500
v -0.045000 0.188500 0.072500
v -0.024000 0.167500 0.072500
f 805 806 807
f 805 807 808
v -0.176000 0.167500 -0.072500
v -0.155000 0.167500 -0.093500
v -0.155000 0.076500 -0.093500
v -0.176000 0.076500 -0.072500
f 809 810 811
f 809 811 812
v -0.176000 0.076500 0.072500
v -0.155000 0.076500 0.093500
v -0.155000 0.167500 0.093500
v -0.176000 0.167500 0.072500
f 813 814 815
f 813 815 816
v -0.024000 0.076500 -0.072500
v -0.045000 0.076500 -0.093500
v -0.045000 0.167500 -0.093500
v -0.024000 0.167500 -0.072500
f 817 818 819
f 817 819 820
v -0.024000 0.167500 0.072500
v -0.045000 0.167500 0.093500
v -0.045000 0.076500 0.093500
v -0.024000 0.076500 0.072500
f 821 822 823
f 821 823 824
v -0.155000 0.055500 -0.072500
v -0.155000 0.076500 -0.093500
v -0.045000 0.076500 -0.093500
v -0.045000 0.055500 -0.072500
f 825 826 827
f 825 827 828
v -0.045000 0.055500 0.072500
v -0.045000 0.076500 0.093500
v -0.155000 0.076500 0.093500
v -0.155000 0.055500 0.072500
f 829 830 831
f 829 831 832
v -0.045000 0.188500 -0.072500
v -0.045000 0.167500 -0.093500
v -0.155000 0.167500 -0.093500
v -0.155000 0.188500 -0.072500
f 833 834 835
f 833 835 836
v -0.155000 0.188500 0.072500
v -0.155000 0.167500 0.093500
v -0.045000 0.167500 0.093500
v -0.045000 0.188500 0.072500
f 837 838 839
f 837 839 840
v -0.155000 0.076500 -0.093500
v -0.155000 0.055500 -0.072500
v -0.176000 0.076500 -0.072500
f 841 842 843
v -0.176000 0.076500 0.072500
v -0.155000 0.055500 0.072500
v -0.155000 0.076500 0.093500
f 844 845 846
v -0.176000 0.167500 -0.072500
v -0.155000 0.188500 -0.072500
v -0.155000 0.167500 -0.093500
f 847 848 849
v -0.155000 0.167500 0.093500
v -0.155000 0.188500 0.072500
v -0.176000 0.167500 0.072500
f 850 851 852
v -0.024000 0.076500 -0.072500
v -0.045000 0.055500 -0.072500
v -0.045000 0.076500 -0.093500
f 853 854 855
v -0.045000 0.076500 0.093500
v -0.045000 0.055500 0.072500
v -0.024000 0.076500 0.072500
f 856 857 858
v -0.045000 0.167500 -0.093500
v -0.045000 0.188500 -0.072500
v -0.024000 0.167500 -0.072500
f 859 860 861
v -0.024000 0.167500 0.072500
v -0.045000 0.188500 0.072500
v -0.045000 0.167500 0.093500
f 862 863 864
o Left_boot
usemtl ivory
s off
v -0.191000 0.033500 0.159500
v -0.191000 0.102500 0.159500
v -0.191000 0.102500 -0.071500
v -0.191000 0.033500 -0.071500
f 865 866 867
f 865 867 868
v -0.009000 0.033500 -0.071500
v -0.009000 0.102500 -0.071500
v -0.009000 0.102500 0.159500
v -0.009000 0.033500 0.159500
f 869 870 871
f 869 871 872
v -0.164000 0.006500 -0.071500
v -0.036000 0.006500 -0.071500
v -0.036000 0.006500 0.159500
v -0.164000 0.006500 0.159500
f 873 874 875
f 873 875 876
v -0.164000 0.129500 0.159500
v -0.036000 0.129500 0.159500
v -0.036000 0.129500 -0.071500
v -0.164000 0.129500 -0.071500
f 877 878 879
f 877 879 880
v -0.164000 0.102500 -0.098500
v -0.036000 0.102500 -0.098500
v -0.036000 0.033500 -0.098500
v -0.164000 0.033500 -0.098500
f 881 882 883
f 881 883 884
v -0.164000 0.033500 0.186500
v -0.036000 0.033500 0.186500
v -0.036000 0.102500 0.186500
v -0.164000 0.102500 0.186500
f 885 886 887
f 885 887 888
v -0.191000 0.033500 -0.071500
v -0.164000 0.006500 -0.071500
v -0.164000 0.006500 0.159500
v -0.191000 0.033500 0.159500
f 889 890 891
f 889 891 892
v -0.191000 0.102500 0.159500
v -0.164000 0.129500 0.159500
v -0.164000 0.129500 -0.071500
v -0.191000 0.102500 -0.071500
f 893 894 895
f 893 895 896
v -0.009000 0.033500 0.159500
v -0.036000 0.006500 0.159500
v -0.036000 0.006500 -0.071500
v -0.009000 0.033500 -0.071500
f 897 898 899
f 897 899 900
v -0.009000 0.102500 -0.071500
v -0.036000 0.129500 -0.071500
v -0.036000 0.129500 0.159500
v -0.009000 0.102500 0.159500
f 901 902 903
f 901 903 904
v -0.191000 0.102500 -0.071500
v -0.164000 0.102500 -0.098500
v -0.164000 0.033500 -0.098500
v -0.191000 0.033500 -0.071500
f 905 906 907
f 905 907 908
v -0.191000 0.033500 0.159500
v -0.164000 0.033500 0.186500
v -0.164000 0.102500 0.186500
v -0.191000 0.102500 0.159500
f 909 910 911
f 909 911 912
v -0.009000 0.033500 -0.071500
v -0.036000 0.033500 -0.098500
v -0.036000 0.102500 -0.098500
v -0.009000 0.102500 -0.071500
f 913 914 915
f 913 915 916
v -0.009000 0.102500 0.159500
v -0.036000 0.102500 0.186500
v -0.036000 0.033500 0.186500
v -0.009000 0.033500 0.159500
f 917 918 919
f 917 919 920
v -0.164000 0.006500 -0.071500
v -0.164000 0.033500 -0.098500
v -0.036000 0.033500 -0.098500
v -0.036000 0.006500 -0.071500
f 921 922 923
f 921 923 924
v -0.036000 0.006500 0.159500
v -0.036000 0.033500 0.186500
v -0.164000 0.033500 0.186500
v -0.164000 0.006500 0.159500
f 925 926 927
f 925 927 928
v -0.036000 0.129500 -0.071500
v -0.036000 0.102500 -0.098500
v -0.164000 0.102500 -0.098500
v -0.164000 0.129500 -0.071500
f 929 930 931
f 929 931 932
v -0.164000 0.129500 0.159500
v -0.164000 0.102500 0.186500
v -0.036000 0.102500 0.186500
v -0.036000 0.129500 0.159500
f 933 934 935
f 933 935 936
v -0.164000 0.033500 -0.098500
v -0.164000 0.006500 -0.071500
v -0.191000 0.033500 -0.071500
f 937 938 939
v -0.191000 0.033500 0.159500
v -0.164000 0.006500 0.159500
v -0.164000 0.033500 0.186500
f 940 941 942
v -0.191000 0.102500 -0.071500
v -0.164000 0.129500 -0.071500
v -0.164000 0.102500 -0.098500
f 943 944 945
v -0.164000 0.102500 0.186500
v -0.164000 0.129500 0.159500
v -0.191000 0.102500 0.159500
f 946 947 948
v -0.009000 0.033500 -0.071500
v -0.036000 0.006500 -0.071500
v -0.036000 0.033500 -0.098500
f 949 950 951
v -0.036000 0.033500 0.186500
v -0.036000 0.006500 0.159500
v -0.009000 0.033500 0.159500
f 952 953 954
v -0.036000 0.102500 -0.098500
v -0.036000 0.129500 -0.071500
v -0.009000 0.102500 -0.071500
f 955 956 957
v -0.009000 0.102500 0.159500
v -0.036000 0.129500 0.159500
v -0.036000 0.102500 0.186500
f 958 959 960
o Left_sole
usemtl rubber
s off
v -0.192500 0.012000 0.177500
v -0.192500 0.024000 0.177500
v -0.192500 0.024000 -0.087500
v -0.192500 0.012000 -0.087500
f 961 962 963
f 961 963 964
v -0.007500 0.012000 -0.087500
v -0.007500 0.024000 -0.087500
v -0.007500 0.024000 0.177500
v -0.007500 0.012000 0.177500
f 965 966 967
f 965 967 968
v -0.180500 0.000000 -0.087500
v -0.019500 0.000000 -0.087500
v -0.019500 0.000000 0.177500
v -0.180500 0.000000 0.177500
f 969 970 971
f 969 971 972
v -0.180500 0.036000 0.177500
v -0.019500 0.036000 0.177500
v -0.019500 0.036000 -0.087500
v -0.180500 0.036000 -0.087500
f 973 974 975
f 973 975 976
v -0.180500 0.024000 -0.099500
v -0.019500 0.024000 -0.099500
v -0.019500 0.012000 -0.099500
v -0.180500 0.012000 -0.099500
f 977 978 979
f 977 979 980
v -0.180500 0.012000 0.189500
v -0.019500 0.012000 0.189500
v -0.019500 0.024000 0.189500
v -0.180500 0.024000 0.189500
f 981 982 983
f 981 983 984
v -0.192500 0.012000 -0.087500
v -0.180500 0.000000 -0.087500
v -0.180500 0.000000 0.177500
v -0.192500 0.012000 0.177500
f 985 986 987
f 985 987 988
v -0.192500 0.024000 0.177500
v -0.180500 0.036000 0.177500
v -0.180500 0.036000 -0.087500
v -0.192500 0.024000 -0.087500
f 989 990 991
f 989 991 992
v -0.007500 0.012000 0.177500
v -0.019500 0.000000 0.177500
v -0.019500 0.000000 -0.087500
v -0.007500 0.012000 -0.087500
f 993 994 995
f 993 995 996
v -0.007500 0.024000 -0.087500
v -0.019500 0.036000 -0.087500
v -0.019500 0.036000 0.177500
v -0.007500 0.024000 0.177500
f 997 998 999
f 997 999 1000
v -0.192500 0.024000 -0.087500
v -0.180500 0.024000 -0.099500
v -0.180500 0.012000 -0.099500
v -0.192500 0.012000 -0.087500
f 1001 1002 1003
f 1001 1003 1004
v -0.192500 0.012000 0.177500
v -0.180500 0.012000 0.189500
v -0.180500 0.024000 0.189500
v -0.192500 0.024000 0.177500
f 1005 1006 1007
f 1005 1007 1008
v -0.007500 0.012000 -0.087500
v -0.019500 0.012000 -0.099500
v -0.019500 0.024000 -0.099500
v -0.007500 0.024000 -0.087500
f 1009 1010 1011
f 1009 1011 1012
v -0.007500 0.024000 0.177500
v -0.019500 0.024000 0.189500
v -0.019500 0.012000 0.189500
v -0.007500 0.012000 0.177500
f 1013 1014 1015
f 1013 1015 1016
v -0.180500 0.000000 -0.087500
v -0.180500 0.012000 -0.099500
v -0.019500 0.012000 -0.099500
v -0.019500 0.000000 -0.087500
f 1017 1018 1019
f 1017 1019 1020
v -0.019500 0.000000 0.177500
v -0.019500 0.012000 0.189500
v -0.180500 0.012000 0.189500
v -0.180500 0.000000 0.177500
f 1021 1022 1023
f 1021 1023 1024
v -0.019500 0.036000 -0.087500
v -0.019500 0.024000 -0.099500
v -0.180500 0.024000 -0.099500
v -0.180500 0.036000 -0.087500
f 1025 1026 1027
f 1025 1027 1028
v -0.180500 0.036000 0.177500
v -0.180500 0.024000 0.189500
v -0.019500 0.024000 0.189500
v -0.019500 0.036000 0.177500
f 1029 1030 1031
f 1029 1031 1032
v -0.180500 0.012000 -0.099500
v -0.180500 0.000000 -0.087500
v -0.192500 0.012000 -0.087500
f 1033 1034 1035
v -0.192500 0.012000 0.177500
v -0.180500 0.000000 0.177500
v -0.180500 0.012000 0.189500
f 1036 1037 1038
v -0.192500 0.024000 -0.087500
v -0.180500 0.036000 -0.087500
v -0.180500 0.024000 -0.099500
f 1039 1040 1041
v -0.180500 0.024000 0.189500
v -0.180500 0.036000 0.177500
v -0.192500 0.024000 0.177500
f 1042 1043 1044
v -0.007500 0.012000 -0.087500
v -0.019500 0.000000 -0.087500
v -0.019500 0.012000 -0.099500
f 1045 1046 1047
v -0.019500 0.012000 0.189500
v -0.019500 0.000000 0.177500
v -0.007500 0.012000 0.177500
f 1048 1049 1050
v -0.019500 0.024000 -0.099500
v -0.019500 0.036000 -0.087500
v -0.007500 0.024000 -0.087500
f 1051 1052 1053
v -0.007500 0.024000 0.177500
v -0.019500 0.036000 0.177500
v -0.019500 0.024000 0.189500
f 1054 1055 1056
o Left_toe
usemtl graphite
s off
v -0.179500 0.040000 0.167500
v -0.179500 0.080000 0.167500
v -0.179500 0.080000 0.152500
v -0.179500 0.040000 0.152500
f 1057 1058 1059
f 1057 1059 1060
v -0.020500 0.040000 0.152500
v -0.020500 0.080000 0.152500
v -0.020500 0.080000 0.167500
v -0.020500 0.040000 0.167500
f 1061 1062 1063
f 1061 1063 1064
v -0.169500 0.030000 0.152500
v -0.030500 0.030000 0.152500
v -0.030500 0.030000 0.167500
v -0.169500 0.030000 0.167500
f 1065 1066 1067
f 1065 1067 1068
v -0.169500 0.090000 0.167500
v -0.030500 0.090000 0.167500
v -0.030500 0.090000 0.152500
v -0.169500 0.090000 0.152500
f 1069 1070 1071
f 1069 1071 1072
v -0.169500 0.080000 0.142500
v -0.030500 0.080000 0.142500
v -0.030500 0.040000 0.142500
v -0.169500 0.040000 0.142500
f 1073 1074 1075
f 1073 1075 1076
v -0.169500 0.040000 0.177500
v -0.030500 0.040000 0.177500
v -0.030500 0.080000 0.177500
v -0.169500 0.080000 0.177500
f 1077 1078 1079
f 1077 1079 1080
v -0.179500 0.040000 0.152500
v -0.169500 0.030000 0.152500
v -0.169500 0.030000 0.167500
v -0.179500 0.040000 0.167500
f 1081 1082 1083
f 1081 1083 1084
v -0.179500 0.080000 0.167500
v -0.169500 0.090000 0.167500
v -0.169500 0.090000 0.152500
v -0.179500 0.080000 0.152500
f 1085 1086 1087
f 1085 1087 1088
v -0.020500 0.040000 0.167500
v -0.030500 0.030000 0.167500
v -0.030500 0.030000 0.152500
v -0.020500 0.040000 0.152500
f 1089 1090 1091
f 1089 1091 1092
v -0.020500 0.080000 0.152500
v -0.030500 0.090000 0.152500
v -0.030500 0.090000 0.167500
v -0.020500 0.080000 0.167500
f 1093 1094 1095
f 1093 1095 1096
v -0.179500 0.080000 0.152500
v -0.169500 0.080000 0.142500
v -0.169500 0.040000 0.142500
v -0.179500 0.040000 0.152500
f 1097 1098 1099
f 1097 1099 1100
v -0.179500 0.040000 0.167500
v -0.169500 0.040000 0.177500
v -0.169500 0.080000 0.177500
v -0.179500 0.080000 0.167500
f 1101 1102 1103
f 1101 1103 1104
v -0.020500 0.040000 0.152500
v -0.030500 0.040000 0.142500
v -0.030500 0.080000 0.142500
v -0.020500 0.080000 0.152500
f 1105 1106 1107
f 1105 1107 1108
v -0.020500 0.080000 0.167500
v -0.030500 0.080000 0.177500
v -0.030500 0.040000 0.177500
v -0.020500 0.040000 0.167500
f 1109 1110 1111
f 1109 1111 1112
v -0.169500 0.030000 0.152500
v -0.169500 0.040000 0.142500
v -0.030500 0.040000 0.142500
v -0.030500 0.030000 0.152500
f 1113 1114 1115
f 1113 1115 1116
v -0.030500 0.030000 0.167500
v -0.030500 0.040000 0.177500
v -0.169500 0.040000 0.177500
v -0.169500 0.030000 0.167500
f 1117 1118 1119
f 1117 1119 1120
v -0.030500 0.090000 0.152500
v -0.030500 0.080000 0.142500
v -0.169500 0.080000 0.142500
v -0.169500 0.090000 0.152500
f 1121 1122 1123
f 1121 1123 1124
v -0.169500 0.090000 0.167500
v -0.169500 0.080000 0.177500
v -0.030500 0.080000 0.177500
v -0.030500 0.090000 0.167500
f 1125 1126 1127
f 1125 1127 1128
v -0.169500 0.040000 0.142500
v -0.169500 0.030000 0.152500
v -0.179500 0.040000 0.152500
f 1129 1130 1131
v -0.179500 0.040000 0.167500
v -0.169500 0.030000 0.167500
v -0.169500 0.040000 0.177500
f 1132 1133 1134
v -0.179500 0.080000 0.152500
v -0.169500 0.090000 0.152500
v -0.169500 0.080000 0.142500
f 1135 1136 1137
v -0.169500 0.080000 0.177500
v -0.169500 0.090000 0.167500
v -0.179500 0.080000 0.167500
f 1138 1139 1140
v -0.020500 0.040000 0.152500
v -0.030500 0.030000 0.152500
v -0.030500 0.040000 0.142500
f 1141 1142 1143
v -0.030500 0.040000 0.177500
v -0.030500 0.030000 0.167500
v -0.020500 0.040000 0.167500
f 1144 1145 1146
v -0.030500 0.080000 0.142500
v -0.030500 0.090000 0.152500
v -0.020500 0.080000 0.152500
f 1147 1148 1149
v -0.020500 0.080000 0.167500
v -0.030500 0.090000 0.167500
v -0.030500 0.080000 0.177500
f 1150 1151 1152
o Left_shoulder
usemtl ivory
s off
v -0.318256 0.590000 0.068000
v -0.307880 0.688455 0.068000
v -0.307880 0.688455 -0.068000
v -0.318256 0.590000 -0.068000
f 1153 1154 1155
f 1153 1155 1156
v -0.162120 0.573545 -0.068000
v -0.151744 0.672000 -0.068000
v -0.151744 0.672000 0.068000
v -0.162120 0.573545 0.068000
f 1157 1158 1159
f 1157 1159 1160
v -0.282668 0.546028 -0.068000
v -0.206092 0.537958 -0.068000
v -0.206092 0.537958 0.068000
v -0.282668 0.546028 0.068000
f 1161 1162 1163
f 1161 1163 1164
v -0.263908 0.724042 0.068000
v -0.187332 0.715972 0.068000
v -0.187332 0.715972 -0.068000
v -0.263908 0.724042 -0.068000
f 1165 1166 1167
f 1165 1167 1168
v -0.268100 0.684262 -0.108000
v -0.191524 0.676192 -0.108000
v -0.201900 0.577738 -0.108000
v -0.278476 0.585808 -0.108000
f 1169 1170 1171
f 1169 1171 1172
v -0.278476 0.585808 0.108000
v -0.201900 0.577738 0.108000
v -0.191524 0.676192 0.108000
v -0.268100 0.684262 0.108000
f 1173 1174 1175
f 1173 1175 1176
v -0.318256 0.590000 -0.068000
v -0.282668 0.546028 -0.068000
v -0.282668 0.546028 0.068000
v -0.318256 0.590000 0.068000
f 1177 1178 1179
f 1177 1179 1180
v -0.307880 0.688455 0.068000
v -0.263908 0.724042 0.068000
v -0.263908 0.724042 -0.068000
v -0.307880 0.688455 -0.068000
f 1181 1182 1183
f 1181 1183 1184
v -0.162120 0.573545 0.068000
v -0.206092 0.537958 0.068000
v -0.206092 0.537958 -0.068000
v -0.162120 0.573545 -0.068000
f 1185 1186 1187
f 1185 1187 1188
v -0.151744 0.672000 -0.068000
v -0.187332 0.715972 -0.068000
v -0.187332 0.715972 0.068000
v -0.151744 0.672000 0.068000
f 1189 1190 1191
f 1189 1191 1192
v -0.307880 0.688455 -0.068000
v -0.268100 0.684262 -0.108000
v -0.278476 0.585808 -0.108000
v -0.318256 0.590000 -0.068000
f 1193 1194 1195
f 1193 1195 1196
v -0.318256 0.590000 0.068000
v -0.278476 0.585808 0.108000
v -0.268100 0.684262 0.108000
v -0.307880 0.688455 0.068000
f 1197 1198 1199
f 1197 1199 1200
v -0.162120 0.573545 -0.068000
v -0.201900 0.577738 -0.108000
v -0.191524 0.676192 -0.108000
v -0.151744 0.672000 -0.068000
f 1201 1202 1203
f 1201 1203 1204
v -0.151744 0.672000 0.068000
v -0.191524 0.676192 0.108000
v -0.201900 0.577738 0.108000
v -0.162120 0.573545 0.068000
f 1205 1206 1207
f 1205 1207 1208
v -0.282668 0.546028 -0.068000
v -0.278476 0.585808 -0.108000
v -0.201900 0.577738 -0.108000
v -0.206092 0.537958 -0.068000
f 1209 1210 1211
f 1209 1211 1212
v -0.206092 0.537958 0.068000
v -0.201900 0.577738 0.108000
v -0.278476 0.585808 0.108000
v -0.282668 0.546028 0.068000
f 1213 1214 1215
f 1213 1215 1216
v -0.187332 0.715972 -0.068000
v -0.191524 0.676192 -0.108000
v -0.268100 0.684262 -0.108000
v -0.263908 0.724042 -0.068000
f 1217 1218 1219
f 1217 1219 1220
v -0.263908 0.724042 0.068000
v -0.268100 0.684262 0.108000
v -0.191524 0.676192 0.108000
v -0.187332 0.715972 0.068000
f 1221 1222 1223
f 1221 1223 1224
v -0.278476 0.585808 -0.108000
v -0.282668 0.546028 -0.068000
v -0.318256 0.590000 -0.068000
f 1225 1226 1227
v -0.318256 0.590000 0.068000
v -0.282668 0.546028 0.068000
v -0.278476 0.585808 0.108000
f 1228 1229 1230
v -0.307880 0.688455 -0.068000
v -0.263908 0.724042 -0.068000
v -0.268100 0.684262 -0.108000
f 1231 1232 1233
v -0.268100 0.684262 0.108000
v -0.263908 0.724042 0.068000
v -0.307880 0.688455 0.068000
f 1234 1235 1236
v -0.162120 0.573545 -0.068000
v -0.206092 0.537958 -0.068000
v -0.201900 0.577738 -0.108000
f 1237 1238 1239
v -0.201900 0.577738 0.108000
v -0.206092 0.537958 0.068000
v -0.162120 0.573545 0.068000
f 1240 1241 1242
v -0.191524 0.676192 -0.108000
v -0.187332 0.715972 -0.068000
v -0.151744 0.672000 -0.068000
f 1243 1244 1245
v -0.151744 0.672000 0.068000
v -0.187332 0.715972 0.068000
v -0.191524 0.676192 0.108000
f 1246 1247 1248
o Left_upperarm
usemtl fabric
s off
v -0.321573 0.498967 0.077000
v -0.311722 0.592449 0.077000
v -0.311722 0.592449 -0.051000
v -0.321573 0.498967 -0.051000
f 1249 1250 1251
f 1249 1251 1252
v -0.194278 0.485551 -0.051000
v -0.184427 0.579033 -0.051000
v -0.184427 0.579033 0.077000
v -0.194278 0.485551 0.077000
f 1253 1254 1255
f 1253 1255 1256
v -0.301111 0.473683 -0.051000
v -0.219562 0.465088 -0.051000
v -0.219562 0.465088 0.077000
v -0.301111 0.473683 0.077000
f 1257 1258 1259
f 1257 1259 1260
v -0.286438 0.612912 0.077000
v -0.204889 0.604317 0.077000
v -0.204889 0.604317 -0.051000
v -0.286438 0.612912 -0.051000
f 1261 1262 1263
f 1261 1263 1264
v -0.288848 0.590038 -0.074000
v -0.207300 0.581444 -0.074000
v -0.217152 0.487962 -0.074000
v -0.298700 0.496556 -0.074000
f 1265 1266 1267
f 1265 1267 1268
v -0.298700 0.496556 0.100000
v -0.217152 0.487962 0.100000
v -0.207300 0.581444 0.100000
v -0.288848 0.590038 0.100000
f 1269 1270 1271
f 1269 1271 1272
v -0.321573 0.498967 -0.051000
v -0.301111 0.473683 -0.051000
v -0.301111 0.473683 0.077000
v -0.321573 0.498967 0.077000
f 1273 1274 1275
f 1273 1275 1276
v -0.311722 0.592449 0.077000
v -0.286438 0.612912 0.077000
v -0.286438 0.612912 -0.051000
v -0.311722 0.592449 -0.051000
f 1277 1278 1279
f 1277 1279 1280
v -0.194278 0.485551 0.077000
v -0.219562 0.465088 0.077000
v -0.219562 0.465088 -0.051000
v -0.194278 0.485551 -0.051000
f 1281 1282 1283
f 1281 1283 1284
v -0.184427 0.579033 -0.051000
v -0.204889 0.604317 -0.051000
v -0.204889 0.604317 0.077000
v -0.184427 0.579033 0.077000
f 1285 1286 1287
f 1285 1287 1288
v -0.311722 0.592449 -0.051000
v -0.288848 0.590038 -0.074000
v -0.298700 0.496556 -0.074000
v -0.321573 0.498967 -0.051000
f 1289 1290 1291
f 1289 1291 1292
v -0.321573 0.498967 0.077000
v -0.298700 0.496556 0.100000
v -0.288848 0.590038 0.100000
v -0.311722 0.592449 0.077000
f 1293 1294 1295
f 1293 1295 1296
v -0.194278 0.485551 -0.051000
v -0.217152 0.487962 -0.074000
v -0.207300 0.581444 -0.074000
v -0.184427 0.579033 -0.051000
f 1297 1298 1299
f 1297 1299 1300
v -0.184427 0.579033 0.077000
v -0.207300 0.581444 0.100000
v -0.217152 0.487962 0.100000
v -0.194278 0.485551 0.077000
f 1301 1302 1303
f 1301 1303 1304
v -0.301111 0.473683 -0.051000
v -0.298700 0.496556 -0.074000
v -0.217152 0.487962 -0.074000
v -0.219562 0.465088 -0.051000
f 1305 1306 1307
f 1305 1307 1308
v -0.219562 0.465088 0.077000
v -0.217152 0.487962 0.100000
v -0.298700 0.496556 0.100000
v -0.301111 0.473683 0.077000
f 1309 1310 1311
f 1309 1311 1312
v -0.204889 0.604317 -0.051000
v -0.207300 0.581444 -0.074000
v -0.288848 0.590038 -0.074000
v -0.286438 0.612912 -0.051000
f 1313 1314 1315
f 1313 1315 1316
v -0.286438 0.612912 0.077000
v -0.288848 0.590038 0.100000
v -0.207300 0.581444 0.100000
v -0.204889 0.604317 0.077000
f 1317 1318 1319
f 1317 1319 1320
v -0.298700 0.496556 -0.074000
v -0.301111 0.473683 -0.051000
v -0.321573 0.498967 -0.051000
f 1321 1322 1323
v -0.321573 0.498967 0.077000
v -0.301111 0.473683 0.077000
v -0.298700 0.496556 0.100000
f 1324 1325 1326
v -0.311722 0.592449 -0.051000
v -0.286438 0.612912 -0.051000
v -0.288848 0.590038 -0.074000
f 1327 1328 1329
v -0.288848 0.590038 0.100000
v -0.286438 0.612912 0.077000
v -0.311722 0.592449 0.077000
f 1330 1331 1332
v -0.194278 0.485551 -0.051000
v -0.219562 0.465088 -0.051000
v -0.217152 0.487962 -0.074000
f 1333 1334 1335
v -0.217152 0.487962 0.100000
v -0.219562 0.465088 0.077000
v -0.194278 0.485551 0.077000
f 1336 1337 1338
v -0.207300 0.581444 -0.074000
v -0.204889 0.604317 -0.051000
v -0.184427 0.579033 -0.051000
f 1339 1340 1341
v -0.184427 0.579033 0.077000
v -0.204889 0.604317 0.077000
v -0.207300 0.581444 0.100000
f 1342 1343 1344
o Left_elbow
usemtl graphite
s off
v -0.328382 0.467194 0.088500
v -0.324924 0.500012 0.088500
v -0.324924 0.500012 -0.044500
v -0.328382 0.467194 -0.044500
f 1345 1346 1347
f 1345 1347 1348
v -0.203076 0.453988 -0.044500
v -0.199618 0.486806 -0.044500
v -0.199618 0.486806 0.088500
v -0.203076 0.453988 0.088500
f 1349 1350 1351
f 1349 1351 1352
v -0.316816 0.452903 -0.044500
v -0.217367 0.442422 -0.044500
v -0.217367 0.442422 0.088500
v -0.316816 0.452903 0.088500
f 1353 1354 1355
f 1353 1355 1356
v -0.310633 0.511578 0.088500
v -0.211184 0.501097 0.088500
v -0.211184 0.501097 -0.044500
v -0.310633 0.511578 -0.044500
f 1357 1358 1359
f 1357 1359 1360
v -0.311995 0.498649 -0.057500
v -0.212546 0.488169 -0.057500
v -0.216005 0.455351 -0.057500
v -0.315454 0.465831 -0.057500
f 1361 1362 1363
f 1361 1363 1364
v -0.315454 0.465831 0.101500
v -0.216005 0.455351 0.101500
v -0.212546 0.488169 0.101500
v -0.311995 0.498649 0.101500
f 1365 1366 1367
f 1365 1367 1368
v -0.328382 0.467194 -0.044500
v -0.316816 0.452903 -0.044500
v -0.316816 0.452903 0.088500
v -0.328382 0.467194 0.088500
f 1369 1370 1371
f 1369 1371 1372
v -0.324924 0.500012 0.088500
v -0.310633 0.511578 0.088500
v -0.310633 0.511578 -0.044500
v -0.324924 0.500012 -0.044500
f 1373 1374 1375
f 1373 1375 1376
v -0.203076 0.453988 0.088500
v -0.217367 0.442422 0.088500
v -0.217367 0.442422 -0.044500
v -0.203076 0.453988 -0.044500
f 1377 1378 1379
f 1377 1379 1380
v -0.199618 0.486806 -0.044500
v -0.211184 0.501097 -0.044500
v -0.211184 0.501097 0.088500
v -0.199618 0.486806 0.088500
f 1381 1382 1383
f 1381 1383 1384
v -0.324924 0.500012 -0.044500
v -0.311995 0.498649 -0.057500
v -0.315454 0.465831 -0.057500
v -0.328382 0.467194 -0.044500
f 1385 1386 1387
f 1385 1387 1388
v -0.328382 0.467194 0.088500
v -0.315454 0.465831 0.101500
v -0.311995 0.498649 0.101500
v -0.324924 0.500012 0.088500
f 1389 1390 1391
f 1389 1391 1392
v -0.203076 0.453988 -0.044500
v -0.216005 0.455351 -0.057500
v -0.212546 0.488169 -0.057500
v -0.199618 0.486806 -0.044500
f 1393 1394 1395
f 1393 1395 1396
v -0.199618 0.486806 0.088500
v -0.212546 0.488169 0.101500
v -0.216005 0.455351 0.101500
v -0.203076 0.453988 0.088500
f 1397 1398 1399
f 1397 1399 1400
v -0.316816 0.452903 -0.044500
v -0.315454 0.465831 -0.057500
v -0.216005 0.455351 -0.057500
v -0.217367 0.442422 -0.044500
f 1401 1402 1403
f 1401 1403 1404
v -0.217367 0.442422 0.088500
v -0.216005 0.455351 0.101500
v -0.315454 0.465831 0.101500
v -0.316816 0.452903 0.088500
f 1405 1406 1407
f 1405 1407 1408
v -0.211184 0.501097 -0.044500
v -0.212546 0.488169 -0.057500
v -0.311995 0.498649 -0.057500
v -0.310633 0.511578 -0.044500
f 1409 1410 1411
f 1409 1411 1412
v -0.310633 0.511578 0.088500
v -0.311995 0.498649 0.101500
v -0.212546 0.488169 0.101500
v -0.211184 0.501097 0.088500
f 1413 1414 1415
f 1413 1415 1416
v -0.315454 0.465831 -0.057500
v -0.316816 0.452903 -0.044500
v -0.328382 0.467194 -0.044500
f 1417 1418 1419
v -0.328382 0.467194 0.088500
v -0.316816 0.452903 0.088500
v -0.315454 0.465831 0.101500
f 1420 1421 1422
v -0.324924 0.500012 -0.044500
v -0.310633 0.511578 -0.044500
v -0.311995 0.498649 -0.057500
f 1423 1424 1425
v -0.311995 0.498649 0.101500
v -0.310633 0.511578 0.088500
v -0.324924 0.500012 0.088500
f 1426 1427 1428
v -0.203076 0.453988 -0.044500
v -0.217367 0.442422 -0.044500
v -0.216005 0.455351 -0.057500
f 1429 1430 1431
v -0.216005 0.455351 0.101500
v -0.217367 0.442422 0.088500
v -0.203076 0.453988 0.088500
f 1432 1433 1434
v -0.212546 0.488169 -0.057500
v -0.211184 0.501097 -0.044500
v -0.199618 0.486806 -0.044500
f 1435 1436 1437
v -0.199618 0.486806 0.088500
v -0.211184 0.501097 0.088500
v -0.212546 0.488169 0.101500
f 1438 1439 1440
o Left_cuff
usemtl porcelain
s off
v -0.348092 0.420703 0.110000
v -0.344109 0.458494 0.110000
v -0.344109 0.458494 -0.038000
v -0.348092 0.420703 -0.038000
f 1441 1442 1443
f 1441 1443 1444
v -0.203891 0.405506 -0.038000
v -0.199908 0.443297 -0.038000
v -0.199908 0.443297 0.110000
v -0.203891 0.405506 0.110000
f 1445 1446 1447
f 1445 1447 1448
v -0.333857 0.403114 -0.038000
v -0.221479 0.391271 -0.038000
v -0.221479 0.391271 0.110000
v -0.333857 0.403114 0.110000
f 1449 1450 1451
f 1449 1451 1452
v -0.326521 0.472729 0.110000
v -0.214143 0.460886 0.110000
v -0.214143 0.460886 -0.038000
v -0.326521 0.472729 -0.038000
f 1453 1454 1455
f 1453 1455 1456
v -0.328197 0.456817 -0.054000
v -0.215820 0.444974 -0.054000
v -0.219803 0.407183 -0.054000
v -0.332180 0.419026 -0.054000
f 1457 1458 1459
f 1457 1459 1460
v -0.332180 0.419026 0.126000
v -0.219803 0.407183 0.126000
v -0.215820 0.444974 0.126000
v -0.328197 0.456817 0.126000
f 1461 1462 1463
f 1461 1463 1464
v -0.348092 0.420703 -0.038000
v -0.333857 0.403114 -0.038000
v -0.333857 0.403114 0.110000
v -0.348092 0.420703 0.110000
f 1465 1466 1467
f 1465 1467 1468
v -0.344109 0.458494 0.110000
v -0.326521 0.472729 0.110000
v -0.326521 0.472729 -0.038000
v -0.344109 0.458494 -0.038000
f 1469 1470 1471
f 1469 1471 1472
v -0.203891 0.405506 0.110000
v -0.221479 0.391271 0.110000
v -0.221479 0.391271 -0.038000
v -0.203891 0.405506 -0.038000
f 1473 1474 1475
f 1473 1475 1476
v -0.199908 0.443297 -0.038000
v -0.214143 0.460886 -0.038000
v -0.214143 0.460886 0.110000
v -0.199908 0.443297 0.110000
f 1477 1478 1479
f 1477 1479 1480
v -0.344109 0.458494 -0.038000
v -0.328197 0.456817 -0.054000
v -0.332180 0.419026 -0.054000
v -0.348092 0.420703 -0.038000
f 1481 1482 1483
f 1481 1483 1484
v -0.348092 0.420703 0.110000
v -0.332180 0.419026 0.126000
v -0.328197 0.456817 0.126000
v -0.344109 0.458494 0.110000
f 1485 1486 1487
f 1485 1487 1488
v -0.203891 0.405506 -0.038000
v -0.219803 0.407183 -0.054000
v -0.215820 0.444974 -0.054000
v -0.199908 0.443297 -0.038000
f 1489 1490 1491
f 1489 1491 1492
v -0.199908 0.443297 0.110000
v -0.215820 0.444974 0.126000
v -0.219803 0.407183 0.126000
v -0.203891 0.405506 0.110000
f 1493 1494 1495
f 1493 1495 1496
v -0.333857 0.403114 -0.038000
v -0.332180 0.419026 -0.054000
v -0.219803 0.407183 -0.054000
v -0.221479 0.391271 -0.038000
f 1497 1498 1499
f 1497 1499 1500
v -0.221479 0.391271 0.110000
v -0.219803 0.407183 0.126000
v -0.332180 0.419026 0.126000
v -0.333857 0.403114 0.110000
f 1501 1502 1503
f 1501 1503 1504
v -0.214143 0.460886 -0.038000
v -0.215820 0.444974 -0.054000
v -0.328197 0.456817 -0.054000
v -0.326521 0.472729 -0.038000
f 1505 1506 1507
f 1505 1507 1508
v -0.326521 0.472729 0.110000
v -0.328197 0.456817 0.126000
v -0.215820 0.444974 0.126000
v -0.214143 0.460886 0.110000
f 1509 1510 1511
f 1509 1511 1512
v -0.332180 0.419026 -0.054000
v -0.333857 0.403114 -0.038000
v -0.348092 0.420703 -0.038000
f 1513 1514 1515
v -0.348092 0.420703 0.110000
v -0.333857 0.403114 0.110000
v -0.332180 0.419026 0.126000
f 1516 1517 1518
v -0.344109 0.458494 -0.038000
v -0.326521 0.472729 -0.038000
v -0.328197 0.456817 -0.054000
f 1519 1520 1521
v -0.328197 0.456817 0.126000
v -0.326521 0.472729 0.110000
v -0.344109 0.458494 0.110000
f 1522 1523 1524
v -0.203891 0.405506 -0.038000
v -0.221479 0.391271 -0.038000
v -0.219803 0.407183 -0.054000
f 1525 1526 1527
v -0.219803 0.407183 0.126000
v -0.221479 0.391271 0.110000
v -0.203891 0.405506 0.110000
f 1528 1529 1530
v -0.215820 0.444974 -0.054000
v -0.214143 0.460886 -0.038000
v -0.199908 0.443297 -0.038000
f 1531 1532 1533
v -0.199908 0.443297 0.110000
v -0.214143 0.460886 0.110000
v -0.215820 0.444974 0.126000
f 1534 1535 1536
o Left_glove
usemtl graphite
s off
v -0.355334 0.357585 0.119500
v -0.349884 0.409298 0.119500
v -0.349884 0.409298 -0.009500
v -0.355334 0.357585 -0.009500
f 1537 1538 1539
f 1537 1539 1540
v -0.214116 0.342702 -0.009500
v -0.208666 0.394415 -0.009500
v -0.208666 0.394415 0.119500
v -0.214116 0.342702 0.119500
f 1541 1542 1543
f 1541 1543 1544
v -0.330423 0.326804 -0.009500
v -0.244896 0.317791 -0.009500
v -0.244896 0.317791 0.119500
v -0.330423 0.326804 0.119500
f 1545 1546 1547
f 1545 1547 1548
v -0.319104 0.434209 0.119500
v -0.233577 0.425196 0.119500
v -0.233577 0.425196 -0.009500
v -0.319104 0.434209 -0.009500
f 1549 1550 1551
f 1549 1551 1552
v -0.322038 0.406364 -0.037500
v -0.236512 0.397350 -0.037500
v -0.241962 0.345636 -0.037500
v -0.327488 0.354650 -0.037500
f 1553 1554 1555
f 1553 1555 1556
v -0.327488 0.354650 0.147500
v -0.241962 0.345636 0.147500
v -0.236512 0.397350 0.147500
v -0.322038 0.406364 0.147500
f 1557 1558 1559
f 1557 1559 1560
v -0.355334 0.357585 -0.009500
v -0.330423 0.326804 -0.009500
v -0.330423 0.326804 0.119500
v -0.355334 0.357585 0.119500
f 1561 1562 1563
f 1561 1563 1564
v -0.349884 0.409298 0.119500
v -0.319104 0.434209 0.119500
v -0.319104 0.434209 -0.009500
v -0.349884 0.409298 -0.009500
f 1565 1566 1567
f 1565 1567 1568
v -0.214116 0.342702 0.119500
v -0.244896 0.317791 0.119500
v -0.244896 0.317791 -0.009500
v -0.214116 0.342702 -0.009500
f 1569 1570 1571
f 1569 1571 1572
v -0.208666 0.394415 -0.009500
v -0.233577 0.425196 -0.009500
v -0.233577 0.425196 0.119500
v -0.208666 0.394415 0.119500
f 1573 1574 1575
f 1573 1575 1576
v -0.349884 0.409298 -0.009500
v -0.322038 0.406364 -0.037500
v -0.327488 0.354650 -0.037500
v -0.355334 0.357585 -0.009500
f 1577 1578 1579
f 1577 1579 1580
v -0.355334 0.357585 0.119500
v -0.327488 0.354650 0.147500
v -0.322038 0.406364 0.147500
v -0.349884 0.409298 0.119500
f 1581 1582 1583
f 1581 1583 1584
v -0.214116 0.342702 -0.009500
v -0.241962 0.345636 -0.037500
v -0.236512 0.397350 -0.037500
v -0.208666 0.394415 -0.009500
f 1585 1586 1587
f 1585 1587 1588
v -0.208666 0.394415 0.119500
v -0.236512 0.397350 0.147500
v -0.241962 0.345636 0.147500
v -0.214116 0.342702 0.119500
f 1589 1590 1591
f 1589 1591 1592
v -0.330423 0.326804 -0.009500
v -0.327488 0.354650 -0.037500
v -0.241962 0.345636 -0.037500
v -0.244896 0.317791 -0.009500
f 1593 1594 1595
f 1593 1595 1596
v -0.244896 0.317791 0.119500
v -0.241962 0.345636 0.147500
v -0.327488 0.354650 0.147500
v -0.330423 0.326804 0.119500
f 1597 1598 1599
f 1597 1599 1600
v -0.233577 0.425196 -0.009500
v -0.236512 0.397350 -0.037500
v -0.322038 0.406364 -0.037500
v -0.319104 0.434209 -0.009500
f 1601 1602 1603
f 1601 1603 1604
v -0.319104 0.434209 0.119500
v -0.322038 0.406364 0.147500
v -0.236512 0.397350 0.147500
v -0.233577 0.425196 0.119500
f 1605 1606 1607
f 1605 1607 1608
v -0.327488 0.354650 -0.037500
v -0.330423 0.326804 -0.009500
v -0.355334 0.357585 -0.009500
f 1609 1610 1611
v -0.355334 0.357585 0.119500
v -0.330423 0.326804 0.119500
v -0.327488 0.354650 0.147500
f 1612 1613 1614
v -0.349884 0.409298 -0.009500
v -0.319104 0.434209 -0.009500
v -0.322038 0.406364 -0.037500
f 1615 1616 1617
v -0.322038 0.406364 0.147500
v -0.319104 0.434209 0.119500
v -0.349884 0.409298 0.119500
f 1618 1619 1620
v -0.214116 0.342702 -0.009500
v -0.244896 0.317791 -0.009500
v -0.241962 0.345636 -0.037500
f 1621 1622 1623
v -0.241962 0.345636 0.147500
v -0.244896 0.317791 0.119500
v -0.214116 0.342702 0.119500
f 1624 1625 1626
v -0.236512 0.397350 -0.037500
v -0.233577 0.425196 -0.009500
v -0.208666 0.394415 -0.009500
f 1627 1628 1629
v -0.208666 0.394415 0.119500
v -0.233577 0.425196 0.119500
v -0.236512 0.397350 0.147500
f 1630 1631 1632
o Left_glove_pad
usemtl fabric
s off
v -0.331989 0.366649 0.147000
v -0.327482 0.409412 0.147000
v -0.327482 0.409412 0.141000
v -0.331989 0.366649 0.141000
f 1633 1634 1635
f 1633 1635 1636
v -0.236518 0.356588 0.141000
v -0.232011 0.399351 0.141000
v -0.232011 0.399351 0.147000
v -0.236518 0.356588 0.147000
f 1637 1638 1639
f 1637 1639 1640
v -0.326651 0.360053 0.141000
v -0.243114 0.351250 0.141000
v -0.243114 0.351250 0.147000
v -0.326651 0.360053 0.147000
f 1641 1642 1643
f 1641 1643 1644
v -0.320886 0.414750 0.147000
v -0.237349 0.405947 0.147000
v -0.237349 0.405947 0.141000
v -0.320886 0.414750 0.141000
f 1645 1646 1647
f 1645 1647 1648
v -0.321515 0.408783 0.135000
v -0.237978 0.399980 0.135000
v -0.242485 0.357217 0.135000
v -0.326022 0.366020 0.135000
f 1649 1650 1651
f 1649 1651 1652
v -0.326022 0.366020 0.153000
v -0.242485 0.357217 0.153000
v -0.237978 0.399980 0.153000
v -0.321515 0.408783 0.153000
f 1653 1654 1655
f 1653 1655 1656
v -0.331989 0.366649 0.141000
v -0.326651 0.360053 0.141000
v -0.326651 0.360053 0.147000
v -0.331989 0.366649 0.147000
f 1657 1658 1659
f 1657 1659 1660
v -0.327482 0.409412 0.147000
v -0.320886 0.414750 0.147000
v -0.320886 0.414750 0.141000
v -0.327482 0.409412 0.141000
f 1661 1662 1663
f 1661 1663 1664
v -0.236518 0.356588 0.147000
v -0.243114 0.351250 0.147000
v -0.243114 0.351250 0.141000
v -0.236518 0.356588 0.141000
f 1665 1666 1667
f 1665 1667 1668
v -0.232011 0.399351 0.141000
v -0.237349 0.405947 0.141000
v -0.237349 0.405947 0.147000
v -0.232011 0.399351 0.147000
f 1669 1670 1671
f 1669 1671 1672
v -0.327482 0.409412 0.141000
v -0.321515 0.408783 0.135000
v -0.326022 0.366020 0.135000
v -0.331989 0.366649 0.141000
f 1673 1674 1675
f 1673 1675 1676
v -0.331989 0.366649 0.147000
v -0.326022 0.366020 0.153000
v -0.321515 0.408783 0.153000
v -0.327482 0.409412 0.147000
f 1677 1678 1679
f 1677 1679 1680
v -0.236518 0.356588 0.141000
v -0.242485 0.357217 0.135000
v -0.237978 0.399980 0.135000
v -0.232011 0.399351 0.141000
f 1681 1682 1683
f 1681 1683 1684
v -0.232011 0.399351 0.147000
v -0.237978 0.399980 0.153000
v -0.242485 0.357217 0.153000
v -0.236518 0.356588 0.147000
f 1685 1686 1687
f 1685 1687 1688
v -0.326651 0.360053 0.141000
v -0.326022 0.366020 0.135000
v -0.242485 0.357217 0.135000
v -0.243114 0.351250 0.141000
f 1689 1690 1691
f 1689 1691 1692
v -0.243114 0.351250 0.147000
v -0.242485 0.357217 0.153000
v -0.326022 0.366020 0.153000
v -0.326651 0.360053 0.147000
f 1693 1694 1695
f 1693 1695 1696
v -0.237349 0.405947 0.141000
v -0.237978 0.399980 0.135000
v -0.321515 0.408783 0.135000
v -0.320886 0.414750 0.141000
f 1697 1698 1699
f 1697 1699 1700
v -0.320886 0.414750 0.147000
v -0.321515 0.408783 0.153000
v -0.237978 0.399980 0.153000
v -0.237349 0.405947 0.147000
f 1701 1702 1703
f 1701 1703 1704
v -0.326022 0.366020 0.135000
v -0.326651 0.360053 0.141000
v -0.331989 0.366649 0.141000
f 1705 1706 1707
v -0.331989 0.366649 0.147000
v -0.326651 0.360053 0.147000
v -0.326022 0.366020 0.153000
f 1708 1709 1710
v -0.327482 0.409412 0.141000
v -0.320886 0.414750 0.141000
v -0.321515 0.408783 0.135000
f 1711 1712 1713
v -0.321515 0.408783 0.153000
v -0.320886 0.414750 0.147000
v -0.327482 0.409412 0.147000
f 1714 1715 1716
v -0.236518 0.356588 0.141000
v -0.243114 0.351250 0.141000
v -0.242485 0.357217 0.135000
f 1717 1718 1719
v -0.242485 0.357217 0.153000
v -0.243114 0.351250 0.147000
v -0.236518 0.356588 0.147000
f 1720 1721 1722
v -0.237978 0.399980 0.135000
v -0.237349 0.405947 0.141000
v -0.232011 0.399351 0.141000
f 1723 1724 1725
v -0.232011 0.399351 0.147000
v -0.237349 0.405947 0.147000
v -0.237978 0.399980 0.153000
f 1726 1727 1728
o Right_thigh
usemtl ivory
s off
v 0.022000 0.191000 0.070000
v 0.022000 0.331000 0.070000
v 0.022000 0.331000 -0.070000
v 0.022000 0.191000 -0.070000
f 1729 1730 1731
f 1729 1731 1732
v 0.172000 0.191000 -0.070000
v 0.172000 0.331000 -0.070000
v 0.172000 0.331000 0.070000
v 0.172000 0.191000 0.070000
f 1733 1734 1735
f 1733 1735 1736
v 0.048000 0.165000 -0.070000
v 0.146000 0.165000 -0.070000
v 0.146000 0.165000 0.070000
v 0.048000 0.165000 0.070000
f 1737 1738 1739
f 1737 1739 1740
v 0.048000 0.357000 0.070000
v 0.146000 0.357000 0.070000
v 0.146000 0.357000 -0.070000
v 0.048000 0.357000 -0.070000
f 1741 1742 1743
f 1741 1743 1744
v 0.048000 0.331000 -0.096000
v 0.146000 0.331000 -0.096000
v 0.146000 0.191000 -0.096000
v 0.048000 0.191000 -0.096000
f 1745 1746 1747
f 1745 1747 1748
v 0.048000 0.191000 0.096000
v 0.146000 0.191000 0.096000
v 0.146000 0.331000 0.096000
v 0.048000 0.331000 0.096000
f 1749 1750 1751
f 1749 1751 1752
v 0.022000 0.191000 -0.070000
v 0.048000 0.165000 -0.070000
v 0.048000 0.165000 0.070000
v 0.022000 0.191000 0.070000
f 1753 1754 1755
f 1753 1755 1756
v 0.022000 0.331000 0.070000
v 0.048000 0.357000 0.070000
v 0.048000 0.357000 -0.070000
v 0.022000 0.331000 -0.070000
f 1757 1758 1759
f 1757 1759 1760
v 0.172000 0.191000 0.070000
v 0.146000 0.165000 0.070000
v 0.146000 0.165000 -0.070000
v 0.172000 0.191000 -0.070000
f 1761 1762 1763
f 1761 1763 1764
v 0.172000 0.331000 -0.070000
v 0.146000 0.357000 -0.070000
v 0.146000 0.357000 0.070000
v 0.172000 0.331000 0.070000
f 1765 1766 1767
f 1765 1767 1768
v 0.022000 0.331000 -0.070000
v 0.048000 0.331000 -0.096000
v 0.048000 0.191000 -0.096000
v 0.022000 0.191000 -0.070000
f 1769 1770 1771
f 1769 1771 1772
v 0.022000 0.191000 0.070000
v 0.048000 0.191000 0.096000
v 0.048000 0.331000 0.096000
v 0.022000 0.331000 0.070000
f 1773 1774 1775
f 1773 1775 1776
v 0.172000 0.191000 -0.070000
v 0.146000 0.191000 -0.096000
v 0.146000 0.331000 -0.096000
v 0.172000 0.331000 -0.070000
f 1777 1778 1779
f 1777 1779 1780
v 0.172000 0.331000 0.070000
v 0.146000 0.331000 0.096000
v 0.146000 0.191000 0.096000
v 0.172000 0.191000 0.070000
f 1781 1782 1783
f 1781 1783 1784
v 0.048000 0.165000 -0.070000
v 0.048000 0.191000 -0.096000
v 0.146000 0.191000 -0.096000
v 0.146000 0.165000 -0.070000
f 1785 1786 1787
f 1785 1787 1788
v 0.146000 0.165000 0.070000
v 0.146000 0.191000 0.096000
v 0.048000 0.191000 0.096000
v 0.048000 0.165000 0.070000
f 1789 1790 1791
f 1789 1791 1792
v 0.146000 0.357000 -0.070000
v 0.146000 0.331000 -0.096000
v 0.048000 0.331000 -0.096000
v 0.048000 0.357000 -0.070000
f 1793 1794 1795
f 1793 1795 1796
v 0.048000 0.357000 0.070000
v 0.048000 0.331000 0.096000
v 0.146000 0.331000 0.096000
v 0.146000 0.357000 0.070000
f 1797 1798 1799
f 1797 1799 1800
v 0.048000 0.191000 -0.096000
v 0.048000 0.165000 -0.070000
v 0.022000 0.191000 -0.070000
f 1801 1802 1803
v 0.022000 0.191000 0.070000
v 0.048000 0.165000 0.070000
v 0.048000 0.191000 0.096000
f 1804 1805 1806
v 0.022000 0.331000 -0.070000
v 0.048000 0.357000 -0.070000
v 0.048000 0.331000 -0.096000
f 1807 1808 1809
v 0.048000 0.331000 0.096000
v 0.048000 0.357000 0.070000
v 0.022000 0.331000 0.070000
f 1810 1811 1812
v 0.172000 0.191000 -0.070000
v 0.146000 0.165000 -0.070000
v 0.146000 0.191000 -0.096000
f 1813 1814 1815
v 0.146000 0.191000 0.096000
v 0.146000 0.165000 0.070000
v 0.172000 0.191000 0.070000
f 1816 1817 1818
v 0.146000 0.331000 -0.096000
v 0.146000 0.357000 -0.070000
v 0.172000 0.331000 -0.070000
f 1819 1820 1821
v 0.172000 0.331000 0.070000
v 0.146000 0.357000 0.070000
v 0.146000 0.331000 0.096000
f 1822 1823 1824
o Right_knee
usemtl graphite
s off
v 0.035500 0.170500 0.090000
v 0.035500 0.209500 0.090000
v 0.035500 0.209500 -0.054000
v 0.035500 0.170500 -0.054000
f 1825 1826 1827
f 1825 1827 1828
v 0.162500 0.170500 -0.054000
v 0.162500 0.209500 -0.054000
v 0.162500 0.209500 0.090000
v 0.162500 0.170500 0.090000
f 1829 1830 1831
f 1829 1831 1832
v 0.052500 0.153500 -0.054000
v 0.145500 0.153500 -0.054000
v 0.145500 0.153500 0.090000
v 0.052500 0.153500 0.090000
f 1833 1834 1835
f 1833 1835 1836
v 0.052500 0.226500 0.090000
v 0.145500 0.226500 0.090000
v 0.145500 0.226500 -0.054000
v 0.052500 0.226500 -0.054000
f 1837 1838 1839
f 1837 1839 1840
v 0.052500 0.209500 -0.071000
v 0.145500 0.209500 -0.071000
v 0.145500 0.170500 -0.071000
v 0.052500 0.170500 -0.071000
f 1841 1842 1843
f 1841 1843 1844
v 0.052500 0.170500 0.107000
v 0.145500 0.170500 0.107000
v 0.145500 0.209500 0.107000
v 0.052500 0.209500 0.107000
f 1845 1846 1847
f 1845 1847 1848
v 0.035500 0.170500 -0.054000
v 0.052500 0.153500 -0.054000
v 0.052500 0.153500 0.090000
v 0.035500 0.170500 0.090000
f 1849 1850 1851
f 1849 1851 1852
v 0.035500 0.209500 0.090000
v 0.052500 0.226500 0.090000
v 0.052500 0.226500 -0.054000
v 0.035500 0.209500 -0.054000
f 1853 1854 1855
f 1853 1855 1856
v 0.162500 0.170500 0.090000
v 0.145500 0.153500 0.090000
v 0.145500 0.153500 -0.054000
v 0.162500 0.170500 -0.054000
f 1857 1858 1859
f 1857 1859 1860
v 0.162500 0.209500 -0.054000
v 0.145500 0.226500 -0.054000
v 0.145500 0.226500 0.090000
v 0.162500 0.209500 0.090000
f 1861 1862 1863
f 1861 1863 1864
v 0.035500 0.209500 -0.054000
v 0.052500 0.209500 -0.071000
v 0.052500 0.170500 -0.071000
v 0.035500 0.170500 -0.054000
f 1865 1866 1867
f 1865 1867 1868
v 0.035500 0.170500 0.090000
v 0.052500 0.170500 0.107000
v 0.052500 0.209500 0.107000
v 0.035500 0.209500 0.090000
f 1869 1870 1871
f 1869 1871 1872
v 0.162500 0.170500 -0.054000
v 0.145500 0.170500 -0.071000
v 0.145500 0.209500 -0.071000
v 0.162500 0.209500 -0.054000
f 1873 1874 1875
f 1873 1875 1876
v 0.162500 0.209500 0.090000
v 0.145500 0.209500 0.107000
v 0.145500 0.170500 0.107000
v 0.162500 0.170500 0.090000
f 1877 1878 1879
f 1877 1879 1880
v 0.052500 0.153500 -0.054000
v 0.052500 0.170500 -0.071000
v 0.145500 0.170500 -0.071000
v 0.145500 0.153500 -0.054000
f 1881 1882 1883
f 1881 1883 1884
v 0.145500 0.153500 0.090000
v 0.145500 0.170500 0.107000
v 0.052500 0.170500 0.107000
v 0.052500 0.153500 0.090000
f 1885 1886 1887
f 1885 1887 1888
v 0.145500 0.226500 -0.054000
v 0.145500 0.209500 -0.071000
v 0.052500 0.209500 -0.071000
v 0.052500 0.226500 -0.054000
f 1889 1890 1891
f 1889 1891 1892
v 0.052500 0.226500 0.090000
v 0.052500 0.209500 0.107000
v 0.145500 0.209500 0.107000
v 0.145500 0.226500 0.090000
f 1893 1894 1895
f 1893 1895 1896
v 0.052500 0.170500 -0.071000
v 0.052500 0.153500 -0.054000
v 0.035500 0.170500 -0.054000
f 1897 1898 1899
v 0.035500 0.170500 0.090000
v 0.052500 0.153500 0.090000
v 0.052500 0.170500 0.107000
f 1900 1901 1902
v 0.035500 0.209500 -0.054000
v 0.052500 0.226500 -0.054000
v 0.052500 0.209500 -0.071000
f 1903 1904 1905
v 0.052500 0.209500 0.107000
v 0.052500 0.226500 0.090000
v 0.035500 0.209500 0.090000
f 1906 1907 1908
v 0.162500 0.170500 -0.054000
v 0.145500 0.153500 -0.054000
v 0.145500 0.170500 -0.071000
f 1909 1910 1911
v 0.145500 0.170500 0.107000
v 0.145500 0.153500 0.090000
v 0.162500 0.170500 0.090000
f 1912 1913 1914
v 0.145500 0.209500 -0.071000
v 0.145500 0.226500 -0.054000
v 0.162500 0.209500 -0.054000
f 1915 1916 1917
v 0.162500 0.209500 0.090000
v 0.145500 0.226500 0.090000
v 0.145500 0.209500 0.107000
f 1918 1919 1920
o Right_kneepad
usemtl fabric
s off
v 0.039500 0.169500 0.111000
v 0.039500 0.220500 0.111000
v 0.039500 0.220500 0.097000
v 0.039500 0.169500 0.097000
f 1921 1922 1923
f 1921 1923 1924
v 0.158500 0.169500 0.097000
v 0.158500 0.220500 0.097000
v 0.158500 0.220500 0.111000
v 0.158500 0.169500 0.111000
f 1925 1926 1927
f 1925 1927 1928
v 0.048500 0.160500 0.097000
v 0.149500 0.160500 0.097000
v 0.149500 0.160500 0.111000
v 0.048500 0.160500 0.111000
f 1929 1930 1931
f 1929 1931 1932
v 0.048500 0.229500 0.111000
v 0.149500 0.229500 0.111000
v 0.149500 0.229500 0.097000
v 0.048500 0.229500 0.097000
f 1933 1934 1935
f 1933 1935 1936
v 0.048500 0.220500 0.088000
v 0.149500 0.220500 0.088000
v 0.149500 0.169500 0.088000
v 0.048500 0.169500 0.088000
f 1937 1938 1939
f 1937 1939 1940
v 0.048500 0.169500 0.120000
v 0.149500 0.169500 0.120000
v 0.149500 0.220500 0.120000
v 0.048500 0.220500 0.120000
f 1941 1942 1943
f 1941 1943 1944
v 0.039500 0.169500 0.097000
v 0.048500 0.160500 0.097000
v 0.048500 0.160500 0.111000
v 0.039500 0.169500 0.111000
f 1945 1946 1947
f 1945 1947 1948
v 0.039500 0.220500 0.111000
v 0.048500 0.229500 0.111000
v 0.048500 0.229500 0.097000
v 0.039500 0.220500 0.097000
f 1949 1950 1951
f 1949 1951 1952
v 0.158500 0.169500 0.111000
v 0.149500 0.160500 0.111000
v 0.149500 0.160500 0.097000
v 0.158500 0.169500 0.097000
f 1953 1954 1955
f 1953 1955 1956
v 0.158500 0.220500 0.097000
v 0.149500 0.229500 0.097000
v 0.149500 0.229500 0.111000
v 0.158500 0.220500 0.111000
f 1957 1958 1959
f 1957 1959 1960
v 0.039500 0.220500 0.097000
v 0.048500 0.220500 0.088000
v 0.048500 0.169500 0.088000
v 0.039500 0.169500 0.097000
f 1961 1962 1963
f 1961 1963 1964
v 0.039500 0.169500 0.111000
v 0.048500 0.169500 0.120000
v 0.048500 0.220500 0.120000
v 0.039500 0.220500 0.111000
f 1965 1966 1967
f 1965 1967 1968
v 0.158500 0.169500 0.097000
v 0.149500 0.169500 0.088000
v 0.149500 0.220500 0.088000
v 0.158500 0.220500 0.097000
f 1969 1970 1971
f 1969 1971 1972
v 0.158500 0.220500 0.111000
v 0.149500 0.220500 0.120000
v 0.149500 0.169500 0.120000
v 0.158500 0.169500 0.111000
f 1973 1974 1975
f 1973 1975 1976
v 0.048500 0.160500 0.097000
v 0.048500 0.169500 0.088000
v 0.149500 0.169500 0.088000
v 0.149500 0.160500 0.097000
f 1977 1978 1979
f 1977 1979 1980
v 0.149500 0.160500 0.111000
v 0.149500 0.169500 0.120000
v 0.048500 0.169500 0.120000
v 0.048500 0.160500 0.111000
f 1981 1982 1983
f 1981 1983 1984
v 0.149500 0.229500 0.097000
v 0.149500 0.220500 0.088000
v 0.048500 0.220500 0.088000
v 0.048500 0.229500 0.097000
f 1985 1986 1987
f 1985 1987 1988
v 0.048500 0.229500 0.111000
v 0.048500 0.220500 0.120000
v 0.149500 0.220500 0.120000
v 0.149500 0.229500 0.111000
f 1989 1990 1991
f 1989 1991 1992
v 0.048500 0.169500 0.088000
v 0.048500 0.160500 0.097000
v 0.039500 0.169500 0.097000
f 1993 1994 1995
v 0.039500 0.169500 0.111000
v 0.048500 0.160500 0.111000
v 0.048500 0.169500 0.120000
f 1996 1997 1998
v 0.039500 0.220500 0.097000
v 0.048500 0.229500 0.097000
v 0.048500 0.220500 0.088000
f 1999 2000 2001
v 0.048500 0.220500 0.120000
v 0.048500 0.229500 0.111000
v 0.039500 0.220500 0.111000
f 2002 2003 2004
v 0.158500 0.169500 0.097000
v 0.149500 0.160500 0.097000
v 0.149500 0.169500 0.088000
f 2005 2006 2007
v 0.149500 0.169500 0.120000
v 0.149500 0.160500 0.111000
v 0.158500 0.169500 0.111000
f 2008 2009 2010
v 0.149500 0.220500 0.088000
v 0.149500 0.229500 0.097000
v 0.158500 0.220500 0.097000
f 2011 2012 2013
v 0.158500 0.220500 0.111000
v 0.149500 0.229500 0.111000
v 0.149500 0.220500 0.120000
f 2014 2015 2016
o Right_shin
usemtl porcelain
s off
v 0.024000 0.076500 0.072500
v 0.024000 0.167500 0.072500
v 0.024000 0.167500 -0.072500
v 0.024000 0.076500 -0.072500
f 2017 2018 2019
f 2017 2019 2020
v 0.176000 0.076500 -0.072500
v 0.176000 0.167500 -0.072500
v 0.176000 0.167500 0.072500
v 0.176000 0.076500 0.072500
f 2021 2022 2023
f 2021 2023 2024
v 0.045000 0.055500 -0.072500
v 0.155000 0.055500 -0.072500
v 0.155000 0.055500 0.072500
v 0.045000 0.055500 0.072500
f 2025 2026 2027
f 2025 2027 2028
v 0.045000 0.188500 0.072500
v 0.155000 0.188500 0.072500
v 0.155000 0.188500 -0.072500
v 0.045000 0.188500 -0.072500
f 2029 2030 2031
f 2029 2031 2032
v 0.045000 0.167500 -0.093500
v 0.155000 0.167500 -0.093500
v 0.155000 0.076500 -0.093500
v 0.045000 0.076500 -0.093500
f 2033 2034 2035
f 2033 2035 2036
v 0.045000 0.076500 0.093500
v 0.155000 0.076500 0.093500
v 0.155000 0.167500 0.093500
v 0.045000 0.167500 0.093500
f 2037 2038 2039
f 2037 2039 2040
v 0.024000 0.076500 -0.072500
v 0.045000 0.055500 -0.072500
v 0.045000 0.055500 0.072500
v 0.024000 0.076500 0.072500
f 2041 2042 2043
f 2041 2043 2044
v 0.024000 0.167500 0.072500
v 0.045000 0.188500 0.072500
v 0.045000 0.188500 -0.072500
v 0.024000 0.167500 -0.072500
f 2045 2046 2047
f 2045 2047 2048
v 0.176000 0.076500 0.072500
v 0.155000 0.055500 0.072500
v 0.155000 0.055500 -0.072500
v 0.176000 0.076500 -0.072500
f 2049 2050 2051
f 2049 2051 2052
v 0.176000 0.167500 -0.072500
v 0.155000 0.188500 -0.072500
v 0.155000 0.188500 0.072500
v 0.176000 0.167500 0.072500
f 2053 2054 2055
f 2053 2055 2056
v 0.024000 0.167500 -0.072500
v 0.045000 0.167500 -0.093500
v 0.045000 0.076500 -0.093500
v 0.024000 0.076500 -0.072500
f 2057 2058 2059
f 2057 2059 2060
v 0.024000 0.076500 0.072500
v 0.045000 0.076500 0.093500
v 0.045000 0.167500 0.093500
v 0.024000 0.167500 0.072500
f 2061 2062 2063
f 2061 2063 2064
v 0.176000 0.076500 -0.072500
v 0.155000 0.076500 -0.093500
v 0.155000 0.167500 -0.093500
v 0.176000 0.167500 -0.072500
f 2065 2066 2067
f 2065 2067 2068
v 0.176000 0.167500 0.072500
v 0.155000 0.167500 0.093500
v 0.155000 0.076500 0.093500
v 0.176000 0.076500 0.072500
f 2069 2070 2071
f 2069 2071 2072
v 0.045000 0.055500 -0.072500
v 0.045000 0.076500 -0.093500
v 0.155000 0.076500 -0.093500
v 0.155000 0.055500 -0.072500
f 2073 2074 2075
f 2073 2075 2076
v 0.155000 0.055500 0.072500
v 0.155000 0.076500 0.093500
v 0.045000 0.076500 0.093500
v 0.045000 0.055500 0.072500
f 2077 2078 2079
f 2077 2079 2080
v 0.155000 0.188500 -0.072500
v 0.155000 0.167500 -0.093500
v 0.045000 0.167500 -0.093500
v 0.045000 0.188500 -0.072500
f 2081 2082 2083
f 2081 2083 2084
v 0.045000 0.188500 0.072500
v 0.045000 0.167500 0.093500
v 0.155000 0.167500 0.093500
v 0.155000 0.188500 0.072500
f 2085 2086 2087
f 2085 2087 2088
v 0.045000 0.076500 -0.093500
v 0.045000 0.055500 -0.072500
v 0.024000 0.076500 -0.072500
f 2089 2090 2091
v 0.024000 0.076500 0.072500
v 0.045000 0.055500 0.072500
v 0.045000 0.076500 0.093500
f 2092 2093 2094
v 0.024000 0.167500 -0.072500
v 0.045000 0.188500 -0.072500
v 0.045000 0.167500 -0.093500
f 2095 2096 2097
v 0.045000 0.167500 0.093500
v 0.045000 0.188500 0.072500
v 0.024000 0.167500 0.072500
f 2098 2099 2100
v 0.176000 0.076500 -0.072500
v 0.155000 0.055500 -0.072500
v 0.155000 0.076500 -0.093500
f 2101 2102 2103
v 0.155000 0.076500 0.093500
v 0.155000 0.055500 0.072500
v 0.176000 0.076500 0.072500
f 2104 2105 2106
v 0.155000 0.167500 -0.093500
v 0.155000 0.188500 -0.072500
v 0.176000 0.167500 -0.072500
f 2107 2108 2109
v 0.176000 0.167500 0.072500
v 0.155000 0.188500 0.072500
v 0.155000 0.167500 0.093500
f 2110 2111 2112
o Right_boot
usemtl ivory
s off
v 0.009000 0.033500 0.159500
v 0.009000 0.102500 0.159500
v 0.009000 0.102500 -0.071500
v 0.009000 0.033500 -0.071500
f 2113 2114 2115
f 2113 2115 2116
v 0.191000 0.033500 -0.071500
v 0.191000 0.102500 -0.071500
v 0.191000 0.102500 0.159500
v 0.191000 0.033500 0.159500
f 2117 2118 2119
f 2117 2119 2120
v 0.036000 0.006500 -0.071500
v 0.164000 0.006500 -0.071500
v 0.164000 0.006500 0.159500
v 0.036000 0.006500 0.159500
f 2121 2122 2123
f 2121 2123 2124
v 0.036000 0.129500 0.159500
v 0.164000 0.129500 0.159500
v 0.164000 0.129500 -0.071500
v 0.036000 0.129500 -0.071500
f 2125 2126 2127
f 2125 2127 2128
v 0.036000 0.102500 -0.098500
v 0.164000 0.102500 -0.098500
v 0.164000 0.033500 -0.098500
v 0.036000 0.033500 -0.098500
f 2129 2130 2131
f 2129 2131 2132
v 0.036000 0.033500 0.186500
v 0.164000 0.033500 0.186500
v 0.164000 0.102500 0.186500
v 0.036000 0.102500 0.186500
f 2133 2134 2135
f 2133 2135 2136
v 0.009000 0.033500 -0.071500
v 0.036000 0.006500 -0.071500
v 0.036000 0.006500 0.159500
v 0.009000 0.033500 0.159500
f 2137 2138 2139
f 2137 2139 2140
v 0.009000 0.102500 0.159500
v 0.036000 0.129500 0.159500
v 0.036000 0.129500 -0.071500
v 0.009000 0.102500 -0.071500
f 2141 2142 2143
f 2141 2143 2144
v 0.191000 0.033500 0.159500
v 0.164000 0.006500 0.159500
v 0.164000 0.006500 -0.071500
v 0.191000 0.033500 -0.071500
f 2145 2146 2147
f 2145 2147 2148
v 0.191000 0.102500 -0.071500
v 0.164000 0.129500 -0.071500
v 0.164000 0.129500 0.159500
v 0.191000 0.102500 0.159500
f 2149 2150 2151
f 2149 2151 2152
v 0.009000 0.102500 -0.071500
v 0.036000 0.102500 -0.098500
v 0.036000 0.033500 -0.098500
v 0.009000 0.033500 -0.071500
f 2153 2154 2155
f 2153 2155 2156
v 0.009000 0.033500 0.159500
v 0.036000 0.033500 0.186500
v 0.036000 0.102500 0.186500
v 0.009000 0.102500 0.159500
f 2157 2158 2159
f 2157 2159 2160
v 0.191000 0.033500 -0.071500
v 0.164000 0.033500 -0.098500
v 0.164000 0.102500 -0.098500
v 0.191000 0.102500 -0.071500
f 2161 2162 2163
f 2161 2163 2164
v 0.191000 0.102500 0.159500
v 0.164000 0.102500 0.186500
v 0.164000 0.033500 0.186500
v 0.191000 0.033500 0.159500
f 2165 2166 2167
f 2165 2167 2168
v 0.036000 0.006500 -0.071500
v 0.036000 0.033500 -0.098500
v 0.164000 0.033500 -0.098500
v 0.164000 0.006500 -0.071500
f 2169 2170 2171
f 2169 2171 2172
v 0.164000 0.006500 0.159500
v 0.164000 0.033500 0.186500
v 0.036000 0.033500 0.186500
v 0.036000 0.006500 0.159500
f 2173 2174 2175
f 2173 2175 2176
v 0.164000 0.129500 -0.071500
v 0.164000 0.102500 -0.098500
v 0.036000 0.102500 -0.098500
v 0.036000 0.129500 -0.071500
f 2177 2178 2179
f 2177 2179 2180
v 0.036000 0.129500 0.159500
v 0.036000 0.102500 0.186500
v 0.164000 0.102500 0.186500
v 0.164000 0.129500 0.159500
f 2181 2182 2183
f 2181 2183 2184
v 0.036000 0.033500 -0.098500
v 0.036000 0.006500 -0.071500
v 0.009000 0.033500 -0.071500
f 2185 2186 2187
v 0.009000 0.033500 0.159500
v 0.036000 0.006500 0.159500
v 0.036000 0.033500 0.186500
f 2188 2189 2190
v 0.009000 0.102500 -0.071500
v 0.036000 0.129500 -0.071500
v 0.036000 0.102500 -0.098500
f 2191 2192 2193
v 0.036000 0.102500 0.186500
v 0.036000 0.129500 0.159500
v 0.009000 0.102500 0.159500
f 2194 2195 2196
v 0.191000 0.033500 -0.071500
v 0.164000 0.006500 -0.071500
v 0.164000 0.033500 -0.098500
f 2197 2198 2199
v 0.164000 0.033500 0.186500
v 0.164000 0.006500 0.159500
v 0.191000 0.033500 0.159500
f 2200 2201 2202
v 0.164000 0.102500 -0.098500
v 0.164000 0.129500 -0.071500
v 0.191000 0.102500 -0.071500
f 2203 2204 2205
v 0.191000 0.102500 0.159500
v 0.164000 0.129500 0.159500
v 0.164000 0.102500 0.186500
f 2206 2207 2208
o Right_sole
usemtl rubber
s off
v 0.007500 0.012000 0.177500
v 0.007500 0.024000 0.177500
v 0.007500 0.024000 -0.087500
v 0.007500 0.012000 -0.087500
f 2209 2210 2211
f 2209 2211 2212
v 0.192500 0.012000 -0.087500
v 0.192500 0.024000 -0.087500
v 0.192500 0.024000 0.177500
v 0.192500 0.012000 0.177500
f 2213 2214 2215
f 2213 2215 2216
v 0.019500 0.000000 -0.087500
v 0.180500 0.000000 -0.087500
v 0.180500 0.000000 0.177500
v 0.019500 0.000000 0.177500
f 2217 2218 2219
f 2217 2219 2220
v 0.019500 0.036000 0.177500
v 0.180500 0.036000 0.177500
v 0.180500 0.036000 -0.087500
v 0.019500 0.036000 -0.087500
f 2221 2222 2223
f 2221 2223 2224
v 0.019500 0.024000 -0.099500
v 0.180500 0.024000 -0.099500
v 0.180500 0.012000 -0.099500
v 0.019500 0.012000 -0.099500
f 2225 2226 2227
f 2225 2227 2228
v 0.019500 0.012000 0.189500
v 0.180500 0.012000 0.189500
v 0.180500 0.024000 0.189500
v 0.019500 0.024000 0.189500
f 2229 2230 2231
f 2229 2231 2232
v 0.007500 0.012000 -0.087500
v 0.019500 0.000000 -0.087500
v 0.019500 0.000000 0.177500
v 0.007500 0.012000 0.177500
f 2233 2234 2235
f 2233 2235 2236
v 0.007500 0.024000 0.177500
v 0.019500 0.036000 0.177500
v 0.019500 0.036000 -0.087500
v 0.007500 0.024000 -0.087500
f 2237 2238 2239
f 2237 2239 2240
v 0.192500 0.012000 0.177500
v 0.180500 0.000000 0.177500
v 0.180500 0.000000 -0.087500
v 0.192500 0.012000 -0.087500
f 2241 2242 2243
f 2241 2243 2244
v 0.192500 0.024000 -0.087500
v 0.180500 0.036000 -0.087500
v 0.180500 0.036000 0.177500
v 0.192500 0.024000 0.177500
f 2245 2246 2247
f 2245 2247 2248
v 0.007500 0.024000 -0.087500
v 0.019500 0.024000 -0.099500
v 0.019500 0.012000 -0.099500
v 0.007500 0.012000 -0.087500
f 2249 2250 2251
f 2249 2251 2252
v 0.007500 0.012000 0.177500
v 0.019500 0.012000 0.189500
v 0.019500 0.024000 0.189500
v 0.007500 0.024000 0.177500
f 2253 2254 2255
f 2253 2255 2256
v 0.192500 0.012000 -0.087500
v 0.180500 0.012000 -0.099500
v 0.180500 0.024000 -0.099500
v 0.192500 0.024000 -0.087500
f 2257 2258 2259
f 2257 2259 2260
v 0.192500 0.024000 0.177500
v 0.180500 0.024000 0.189500
v 0.180500 0.012000 0.189500
v 0.192500 0.012000 0.177500
f 2261 2262 2263
f 2261 2263 2264
v 0.019500 0.000000 -0.087500
v 0.019500 0.012000 -0.099500
v 0.180500 0.012000 -0.099500
v 0.180500 0.000000 -0.087500
f 2265 2266 2267
f 2265 2267 2268
v 0.180500 0.000000 0.177500
v 0.180500 0.012000 0.189500
v 0.019500 0.012000 0.189500
v 0.019500 0.000000 0.177500
f 2269 2270 2271
f 2269 2271 2272
v 0.180500 0.036000 -0.087500
v 0.180500 0.024000 -0.099500
v 0.019500 0.024000 -0.099500
v 0.019500 0.036000 -0.087500
f 2273 2274 2275
f 2273 2275 2276
v 0.019500 0.036000 0.177500
v 0.019500 0.024000 0.189500
v 0.180500 0.024000 0.189500
v 0.180500 0.036000 0.177500
f 2277 2278 2279
f 2277 2279 2280
v 0.019500 0.012000 -0.099500
v 0.019500 0.000000 -0.087500
v 0.007500 0.012000 -0.087500
f 2281 2282 2283
v 0.007500 0.012000 0.177500
v 0.019500 0.000000 0.177500
v 0.019500 0.012000 0.189500
f 2284 2285 2286
v 0.007500 0.024000 -0.087500
v 0.019500 0.036000 -0.087500
v 0.019500 0.024000 -0.099500
f 2287 2288 2289
v 0.019500 0.024000 0.189500
v 0.019500 0.036000 0.177500
v 0.007500 0.024000 0.177500
f 2290 2291 2292
v 0.192500 0.012000 -0.087500
v 0.180500 0.000000 -0.087500
v 0.180500 0.012000 -0.099500
f 2293 2294 2295
v 0.180500 0.012000 0.189500
v 0.180500 0.000000 0.177500
v 0.192500 0.012000 0.177500
f 2296 2297 2298
v 0.180500 0.024000 -0.099500
v 0.180500 0.036000 -0.087500
v 0.192500 0.024000 -0.087500
f 2299 2300 2301
v 0.192500 0.024000 0.177500
v 0.180500 0.036000 0.177500
v 0.180500 0.024000 0.189500
f 2302 2303 2304
o Right_toe
usemtl graphite
s off
v 0.020500 0.040000 0.167500
v 0.020500 0.080000 0.167500
v 0.020500 0.080000 0.152500
v 0.020500 0.040000 0.152500
f 2305 2306 2307
f 2305 2307 2308
v 0.179500 0.040000 0.152500
v 0.179500 0.080000 0.152500
v 0.179500 0.080000 0.167500
v 0.179500 0.040000 0.167500
f 2309 2310 2311
f 2309 2311 2312
v 0.030500 0.030000 0.152500
v 0.169500 0.030000 0.152500
v 0.169500 0.030000 0.167500
v 0.030500 0.030000 0.167500
f 2313 2314 2315
f 2313 2315 2316
v 0.030500 0.090000 0.167500
v 0.169500 0.090000 0.167500
v 0.169500 0.090000 0.152500
v 0.030500 0.090000 0.152500
f 2317 2318 2319
f 2317 2319 2320
v 0.030500 0.080000 0.142500
v 0.169500 0.080000 0.142500
v 0.169500 0.040000 0.142500
v 0.030500 0.040000 0.142500
f 2321 2322 2323
f 2321 2323 2324
v 0.030500 0.040000 0.177500
v 0.169500 0.040000 0.177500
v 0.169500 0.080000 0.177500
v 0.030500 0.080000 0.177500
f 2325 2326 2327
f 2325 2327 2328
v 0.020500 0.040000 0.152500
v 0.030500 0.030000 0.152500
v 0.030500 0.030000 0.167500
v 0.020500 0.040000 0.167500
f 2329 2330 2331
f 2329 2331 2332
v 0.020500 0.080000 0.167500
v 0.030500 0.090000 0.167500
v 0.030500 0.090000 0.152500
v 0.020500 0.080000 0.152500
f 2333 2334 2335
f 2333 2335 2336
v 0.179500 0.040000 0.167500
v 0.169500 0.030000 0.167500
v 0.169500 0.030000 0.152500
v 0.179500 0.040000 0.152500
f 2337 2338 2339
f 2337 2339 2340
v 0.179500 0.080000 0.152500
v 0.169500 0.090000 0.152500
v 0.169500 0.090000 0.167500
v 0.179500 0.080000 0.167500
f 2341 2342 2343
f 2341 2343 2344
v 0.020500 0.080000 0.152500
v 0.030500 0.080000 0.142500
v 0.030500 0.040000 0.142500
v 0.020500 0.040000 0.152500
f 2345 2346 2347
f 2345 2347 2348
v 0.020500 0.040000 0.167500
v 0.030500 0.040000 0.177500
v 0.030500 0.080000 0.177500
v 0.020500 0.080000 0.167500
f 2349 2350 2351
f 2349 2351 2352
v 0.179500 0.040000 0.152500
v 0.169500 0.040000 0.142500
v 0.169500 0.080000 0.142500
v 0.179500 0.080000 0.152500
f 2353 2354 2355
f 2353 2355 2356
v 0.179500 0.080000 0.167500
v 0.169500 0.080000 0.177500
v 0.169500 0.040000 0.177500
v 0.179500 0.040000 0.167500
f 2357 2358 2359
f 2357 2359 2360
v 0.030500 0.030000 0.152500
v 0.030500 0.040000 0.142500
v 0.169500 0.040000 0.142500
v 0.169500 0.030000 0.152500
f 2361 2362 2363
f 2361 2363 2364
v 0.169500 0.030000 0.167500
v 0.169500 0.040000 0.177500
v 0.030500 0.040000 0.177500
v 0.030500 0.030000 0.167500
f 2365 2366 2367
f 2365 2367 2368
v 0.169500 0.090000 0.152500
v 0.169500 0.080000 0.142500
v 0.030500 0.080000 0.142500
v 0.030500 0.090000 0.152500
f 2369 2370 2371
f 2369 2371 2372
v 0.030500 0.090000 0.167500
v 0.030500 0.080000 0.177500
v 0.169500 0.080000 0.177500
v 0.169500 0.090000 0.167500
f 2373 2374 2375
f 2373 2375 2376
v 0.030500 0.040000 0.142500
v 0.030500 0.030000 0.152500
v 0.020500 0.040000 0.152500
f 2377 2378 2379
v 0.020500 0.040000 0.167500
v 0.030500 0.030000 0.167500
v 0.030500 0.040000 0.177500
f 2380 2381 2382
v 0.020500 0.080000 0.152500
v 0.030500 0.090000 0.152500
v 0.030500 0.080000 0.142500
f 2383 2384 2385
v 0.030500 0.080000 0.177500
v 0.030500 0.090000 0.167500
v 0.020500 0.080000 0.167500
f 2386 2387 2388
v 0.179500 0.040000 0.152500
v 0.169500 0.030000 0.152500
v 0.169500 0.040000 0.142500
f 2389 2390 2391
v 0.169500 0.040000 0.177500
v 0.169500 0.030000 0.167500
v 0.179500 0.040000 0.167500
f 2392 2393 2394
v 0.169500 0.080000 0.142500
v 0.169500 0.090000 0.152500
v 0.179500 0.080000 0.152500
f 2395 2396 2397
v 0.179500 0.080000 0.167500
v 0.169500 0.090000 0.167500
v 0.169500 0.080000 0.177500
f 2398 2399 2400
o Right_shoulder
usemtl ivory
s off
v 0.162120 0.573545 0.068000
v 0.151744 0.672000 0.068000
v 0.151744 0.672000 -0.068000
v 0.162120 0.573545 -0.068000
f 2401 2402 2403
f 2401 2403 2404
v 0.318256 0.590000 -0.068000
v 0.307880 0.688455 -0.068000
v 0.307880 0.688455 0.068000
v 0.318256 0.590000 0.068000
f 2405 2406 2407
f 2405 2407 2408
v 0.206092 0.537958 -0.068000
v 0.282668 0.546028 -0.068000
v 0.282668 0.546028 0.068000
v 0.206092 0.537958 0.068000
f 2409 2410 2411
f 2409 2411 2412
v 0.187332 0.715972 0.068000
v 0.263908 0.724042 0.068000
v 0.263908 0.724042 -0.068000
v 0.187332 0.715972 -0.068000
f 2413 2414 2415
f 2413 2415 2416
v 0.191524 0.676192 -0.108000
v 0.268100 0.684262 -0.108000
v 0.278476 0.585808 -0.108000
v 0.201900 0.577738 -0.108000
f 2417 2418 2419
f 2417 2419 2420
v 0.201900 0.577738 0.108000
v 0.278476 0.585808 0.108000
v 0.268100 0.684262 0.108000
v 0.191524 0.676192 0.108000
f 2421 2422 2423
f 2421 2423 2424
v 0.162120 0.573545 -0.068000
v 0.206092 0.537958 -0.068000
v 0.206092 0.537958 0.068000
v 0.162120 0.573545 0.068000
f 2425 2426 2427
f 2425 2427 2428
v 0.151744 0.672000 0.068000
v 0.187332 0.715972 0.068000
v 0.187332 0.715972 -0.068000
v 0.151744 0.672000 -0.068000
f 2429 2430 2431
f 2429 2431 2432
v 0.318256 0.590000 0.068000
v 0.282668 0.546028 0.068000
v 0.282668 0.546028 -0.068000
v 0.318256 0.590000 -0.068000
f 2433 2434 2435
f 2433 2435 2436
v 0.307880 0.688455 -0.068000
v 0.263908 0.724042 -0.068000
v 0.263908 0.724042 0.068000
v 0.307880 0.688455 0.068000
f 2437 2438 2439
f 2437 2439 2440
v 0.151744 0.672000 -0.068000
v 0.191524 0.676192 -0.108000
v 0.201900 0.577738 -0.108000
v 0.162120 0.573545 -0.068000
f 2441 2442 2443
f 2441 2443 2444
v 0.162120 0.573545 0.068000
v 0.201900 0.577738 0.108000
v 0.191524 0.676192 0.108000
v 0.151744 0.672000 0.068000
f 2445 2446 2447
f 2445 2447 2448
v 0.318256 0.590000 -0.068000
v 0.278476 0.585808 -0.108000
v 0.268100 0.684262 -0.108000
v 0.307880 0.688455 -0.068000
f 2449 2450 2451
f 2449 2451 2452
v 0.307880 0.688455 0.068000
v 0.268100 0.684262 0.108000
v 0.278476 0.585808 0.108000
v 0.318256 0.590000 0.068000
f 2453 2454 2455
f 2453 2455 2456
v 0.206092 0.537958 -0.068000
v 0.201900 0.577738 -0.108000
v 0.278476 0.585808 -0.108000
v 0.282668 0.546028 -0.068000
f 2457 2458 2459
f 2457 2459 2460
v 0.282668 0.546028 0.068000
v 0.278476 0.585808 0.108000
v 0.201900 0.577738 0.108000
v 0.206092 0.537958 0.068000
f 2461 2462 2463
f 2461 2463 2464
v 0.263908 0.724042 -0.068000
v 0.268100 0.684262 -0.108000
v 0.191524 0.676192 -0.108000
v 0.187332 0.715972 -0.068000
f 2465 2466 2467
f 2465 2467 2468
v 0.187332 0.715972 0.068000
v 0.191524 0.676192 0.108000
v 0.268100 0.684262 0.108000
v 0.263908 0.724042 0.068000
f 2469 2470 2471
f 2469 2471 2472
v 0.201900 0.577738 -0.108000
v 0.206092 0.537958 -0.068000
v 0.162120 0.573545 -0.068000
f 2473 2474 2475
v 0.162120 0.573545 0.068000
v 0.206092 0.537958 0.068000
v 0.201900 0.577738 0.108000
f 2476 2477 2478
v 0.151744 0.672000 -0.068000
v 0.187332 0.715972 -0.068000
v 0.191524 0.676192 -0.108000
f 2479 2480 2481
v 0.191524 0.676192 0.108000
v 0.187332 0.715972 0.068000
v 0.151744 0.672000 0.068000
f 2482 2483 2484
v 0.318256 0.590000 -0.068000
v 0.282668 0.546028 -0.068000
v 0.278476 0.585808 -0.108000
f 2485 2486 2487
v 0.278476 0.585808 0.108000
v 0.282668 0.546028 0.068000
v 0.318256 0.590000 0.068000
f 2488 2489 2490
v 0.268100 0.684262 -0.108000
v 0.263908 0.724042 -0.068000
v 0.307880 0.688455 -0.068000
f 2491 2492 2493
v 0.307880 0.688455 0.068000
v 0.263908 0.724042 0.068000
v 0.268100 0.684262 0.108000
f 2494 2495 2496
o Right_upperarm
usemtl fabric
s off
v 0.194278 0.485551 0.077000
v 0.184427 0.579033 0.077000
v 0.184427 0.579033 -0.051000
v 0.194278 0.485551 -0.051000
f 2497 2498 2499
f 2497 2499 2500
v 0.321573 0.498967 -0.051000
v 0.311722 0.592449 -0.051000
v 0.311722 0.592449 0.077000
v 0.321573 0.498967 0.077000
f 2501 2502 2503
f 2501 2503 2504
v 0.219562 0.465088 -0.051000
v 0.301111 0.473683 -0.051000
v 0.301111 0.473683 0.077000
v 0.219562 0.465088 0.077000
f 2505 2506 2507
f 2505 2507 2508
v 0.204889 0.604317 0.077000
v 0.286438 0.612912 0.077000
v 0.286438 0.612912 -0.051000
v 0.204889 0.604317 -0.051000
f 2509 2510 2511
f 2509 2511 2512
v 0.207300 0.581444 -0.074000
v 0.288848 0.590038 -0.074000
v 0.298700 0.496556 -0.074000
v 0.217152 0.487962 -0.074000
f 2513 2514 2515
f 2513 2515 2516
v 0.217152 0.487962 0.100000
v 0.298700 0.496556 0.100000
v 0.288848 0.590038 0.100000
v 0.207300 0.581444 0.100000
f 2517 2518 2519
f 2517 2519 2520
v 0.194278 0.485551 -0.051000
v 0.219562 0.465088 -0.051000
v 0.219562 0.465088 0.077000
v 0.194278 0.485551 0.077000
f 2521 2522 2523
f 2521 2523 2524
v 0.184427 0.579033 0.077000
v 0.204889 0.604317 0.077000
v 0.204889 0.604317 -0.051000
v 0.184427 0.579033 -0.051000
f 2525 2526 2527
f 2525 2527 2528
v 0.321573 0.498967 0.077000
v 0.301111 0.473683 0.077000
v 0.301111 0.473683 -0.051000
v 0.321573 0.498967 -0.051000
f 2529 2530 2531
f 2529 2531 2532
v 0.311722 0.592449 -0.051000
v 0.286438 0.612912 -0.051000
v 0.286438 0.612912 0.077000
v 0.311722 0.592449 0.077000
f 2533 2534 2535
f 2533 2535 2536
v 0.184427 0.579033 -0.051000
v 0.207300 0.581444 -0.074000
v 0.217152 0.487962 -0.074000
v 0.194278 0.485551 -0.051000
f 2537 2538 2539
f 2537 2539 2540
v 0.194278 0.485551 0.077000
v 0.217152 0.487962 0.100000
v 0.207300 0.581444 0.100000
v 0.184427 0.579033 0.077000
f 2541 2542 2543
f 2541 2543 2544
v 0.321573 0.498967 -0.051000
v 0.298700 0.496556 -0.074000
v 0.288848 0.590038 -0.074000
v 0.311722 0.592449 -0.051000
f 2545 2546 2547
f 2545 2547 2548
v 0.311722 0.592449 0.077000
v 0.288848 0.590038 0.100000
v 0.298700 0.496556 0.100000
v 0.321573 0.498967 0.077000
f 2549 2550 2551
f 2549 2551 2552
v 0.219562 0.465088 -0.051000
v 0.217152 0.487962 -0.074000
v 0.298700 0.496556 -0.074000
v 0.301111 0.473683 -0.051000
f 2553 2554 2555
f 2553 2555 2556
v 0.301111 0.473683 0.077000
v 0.298700 0.496556 0.100000
v 0.217152 0.487962 0.100000
v 0.219562 0.465088 0.077000
f 2557 2558 2559
f 2557 2559 2560
v 0.286438 0.612912 -0.051000
v 0.288848 0.590038 -0.074000
v 0.207300 0.581444 -0.074000
v 0.204889 0.604317 -0.051000
f 2561 2562 2563
f 2561 2563 2564
v 0.204889 0.604317 0.077000
v 0.207300 0.581444 0.100000
v 0.288848 0.590038 0.100000
v 0.286438 0.612912 0.077000
f 2565 2566 2567
f 2565 2567 2568
v 0.217152 0.487962 -0.074000
v 0.219562 0.465088 -0.051000
v 0.194278 0.485551 -0.051000
f 2569 2570 2571
v 0.194278 0.485551 0.077000
v 0.219562 0.465088 0.077000
v 0.217152 0.487962 0.100000
f 2572 2573 2574
v 0.184427 0.579033 -0.051000
v 0.204889 0.604317 -0.051000
v 0.207300 0.581444 -0.074000
f 2575 2576 2577
v 0.207300 0.581444 0.100000
v 0.204889 0.604317 0.077000
v 0.184427 0.579033 0.077000
f 2578 2579 2580
v 0.321573 0.498967 -0.051000
v 0.301111 0.473683 -0.051000
v 0.298700 0.496556 -0.074000
f 2581 2582 2583
v 0.298700 0.496556 0.100000
v 0.301111 0.473683 0.077000
v 0.321573 0.498967 0.077000
f 2584 2585 2586
v 0.288848 0.590038 -0.074000
v 0.286438 0.612912 -0.051000
v 0.311722 0.592449 -0.051000
f 2587 2588 2589
v 0.311722 0.592449 0.077000
v 0.286438 0.612912 0.077000
v 0.288848 0.590038 0.100000
f 2590 2591 2592
o Right_elbow
usemtl graphite
s off
v 0.203076 0.453988 0.088500
v 0.199618 0.486806 0.088500
v 0.199618 0.486806 -0.044500
v 0.203076 0.453988 -0.044500
f 2593 2594 2595
f 2593 2595 2596
v 0.328382 0.467194 -0.044500
v 0.324924 0.500012 -0.044500
v 0.324924 0.500012 0.088500
v 0.328382 0.467194 0.088500
f 2597 2598 2599
f 2597 2599 2600
v 0.217367 0.442422 -0.044500
v 0.316816 0.452903 -0.044500
v 0.316816 0.452903 0.088500
v 0.217367 0.442422 0.088500
f 2601 2602 2603
f 2601 2603 2604
v 0.211184 0.501097 0.088500
v 0.310633 0.511578 0.088500
v 0.310633 0.511578 -0.044500
v 0.211184 0.501097 -0.044500
f 2605 2606 2607
f 2605 2607 2608
v 0.212546 0.488169 -0.057500
v 0.311995 0.498649 -0.057500
v 0.315454 0.465831 -0.057500
v 0.216005 0.455351 -0.057500
f 2609 2610 2611
f 2609 2611 2612
v 0.216005 0.455351 0.101500
v 0.315454 0.465831 0.101500
v 0.311995 0.498649 0.101500
v 0.212546 0.488169 0.101500
f 2613 2614 2615
f 2613 2615 2616
v 0.203076 0.453988 -0.044500
v 0.217367 0.442422 -0.044500
v 0.217367 0.442422 0.088500
v 0.203076 0.453988 0.088500
f 2617 2618 2619
f 2617 2619 2620
v 0.199618 0.486806 0.088500
v 0.211184 0.501097 0.088500
v 0.211184 0.501097 -0.044500
v 0.199618 0.486806 -0.044500
f 2621 2622 2623
f 2621 2623 2624
v 0.328382 0.467194 0.088500
v 0.316816 0.452903 0.088500
v 0.316816 0.452903 -0.044500
v 0.328382 0.467194 -0.044500
f 2625 2626 2627
f 2625 2627 2628
v 0.324924 0.500012 -0.044500
v 0.310633 0.511578 -0.044500
v 0.310633 0.511578 0.088500
v 0.324924 0.500012 0.088500
f 2629 2630 2631
f 2629 2631 2632
v 0.199618 0.486806 -0.044500
v 0.212546 0.488169 -0.057500
v 0.216005 0.455351 -0.057500
v 0.203076 0.453988 -0.044500
f 2633 2634 2635
f 2633 2635 2636
v 0.203076 0.453988 0.088500
v 0.216005 0.455351 0.101500
v 0.212546 0.488169 0.101500
v 0.199618 0.486806 0.088500
f 2637 2638 2639
f 2637 2639 2640
v 0.328382 0.467194 -0.044500
v 0.315454 0.465831 -0.057500
v 0.311995 0.498649 -0.057500
v 0.324924 0.500012 -0.044500
f 2641 2642 2643
f 2641 2643 2644
v 0.324924 0.500012 0.088500
v 0.311995 0.498649 0.101500
v 0.315454 0.465831 0.101500
v 0.328382 0.467194 0.088500
f 2645 2646 2647
f 2645 2647 2648
v 0.217367 0.442422 -0.044500
v 0.216005 0.455351 -0.057500
v 0.315454 0.465831 -0.057500
v 0.316816 0.452903 -0.044500
f 2649 2650 2651
f 2649 2651 2652
v 0.316816 0.452903 0.088500
v 0.315454 0.465831 0.101500
v 0.216005 0.455351 0.101500
v 0.217367 0.442422 0.088500
f 2653 2654 2655
f 2653 2655 2656
v 0.310633 0.511578 -0.044500
v 0.311995 0.498649 -0.057500
v 0.212546 0.488169 -0.057500
v 0.211184 0.501097 -0.044500
f 2657 2658 2659
f 2657 2659 2660
v 0.211184 0.501097 0.088500
v 0.212546 0.488169 0.101500
v 0.311995 0.498649 0.101500
v 0.310633 0.511578 0.088500
f 2661 2662 2663
f 2661 2663 2664
v 0.216005 0.455351 -0.057500
v 0.217367 0.442422 -0.044500
v 0.203076 0.453988 -0.044500
f 2665 2666 2667
v 0.203076 0.453988 0.088500
v 0.217367 0.442422 0.088500
v 0.216005 0.455351 0.101500
f 2668 2669 2670
v 0.199618 0.486806 -0.044500
v 0.211184 0.501097 -0.044500
v 0.212546 0.488169 -0.057500
f 2671 2672 2673
v 0.212546 0.488169 0.101500
v 0.211184 0.501097 0.088500
v 0.199618 0.486806 0.088500
f 2674 2675 2676
v 0.328382 0.467194 -0.044500
v 0.316816 0.452903 -0.044500
v 0.315454 0.465831 -0.057500
f 2677 2678 2679
v 0.315454 0.465831 0.101500
v 0.316816 0.452903 0.088500
v 0.328382 0.467194 0.088500
f 2680 2681 2682
v 0.311995 0.498649 -0.057500
v 0.310633 0.511578 -0.044500
v 0.324924 0.500012 -0.044500
f 2683 2684 2685
v 0.324924 0.500012 0.088500
v 0.310633 0.511578 0.088500
v 0.311995 0.498649 0.101500
f 2686 2687 2688
o Right_cuff
usemtl porcelain
s off
v 0.203891 0.405506 0.110000
v 0.199908 0.443297 0.110000
v 0.199908 0.443297 -0.038000
v 0.203891 0.405506 -0.038000
f 2689 2690 2691
f 2689 2691 2692
v 0.348092 0.420703 -0.038000
v 0.344109 0.458494 -0.038000
v 0.344109 0.458494 0.110000
v 0.348092 0.420703 0.110000
f 2693 2694 2695
f 2693 2695 2696
v 0.221479 0.391271 -0.038000
v 0.333857 0.403114 -0.038000
v 0.333857 0.403114 0.110000
v 0.221479 0.391271 0.110000
f 2697 2698 2699
f 2697 2699 2700
v 0.214143 0.460886 0.110000
v 0.326521 0.472729 0.110000
v 0.326521 0.472729 -0.038000
v 0.214143 0.460886 -0.038000
f 2701 2702 2703
f 2701 2703 2704
v 0.215820 0.444974 -0.054000
v 0.328197 0.456817 -0.054000
v 0.332180 0.419026 -0.054000
v 0.219803 0.407183 -0.054000
f 2705 2706 2707
f 2705 2707 2708
v 0.219803 0.407183 0.126000
v 0.332180 0.419026 0.126000
v 0.328197 0.456817 0.126000
v 0.215820 0.444974 0.126000
f 2709 2710 2711
f 2709 2711 2712
v 0.203891 0.405506 -0.038000
v 0.221479 0.391271 -0.038000
v 0.221479 0.391271 0.110000
v 0.203891 0.405506 0.110000
f 2713 2714 2715
f 2713 2715 2716
v 0.199908 0.443297 0.110000
v 0.214143 0.460886 0.110000
v 0.214143 0.460886 -0.038000
v 0.199908 0.443297 -0.038000
f 2717 2718 2719
f 2717 2719 2720
v 0.348092 0.420703 0.110000
v 0.333857 0.403114 0.110000
v 0.333857 0.403114 -0.038000
v 0.348092 0.420703 -0.038000
f 2721 2722 2723
f 2721 2723 2724
v 0.344109 0.458494 -0.038000
v 0.326521 0.472729 -0.038000
v 0.326521 0.472729 0.110000
v 0.344109 0.458494 0.110000
f 2725 2726 2727
f 2725 2727 2728
v 0.199908 0.443297 -0.038000
v 0.215820 0.444974 -0.054000
v 0.219803 0.407183 -0.054000
v 0.203891 0.405506 -0.038000
f 2729 2730 2731
f 2729 2731 2732
v 0.203891 0.405506 0.110000
v 0.219803 0.407183 0.126000
v 0.215820 0.444974 0.126000
v 0.199908 0.443297 0.110000
f 2733 2734 2735
f 2733 2735 2736
v 0.348092 0.420703 -0.038000
v 0.332180 0.419026 -0.054000
v 0.328197 0.456817 -0.054000
v 0.344109 0.458494 -0.038000
f 2737 2738 2739
f 2737 2739 2740
v 0.344109 0.458494 0.110000
v 0.328197 0.456817 0.126000
v 0.332180 0.419026 0.126000
v 0.348092 0.420703 0.110000
f 2741 2742 2743
f 2741 2743 2744
v 0.221479 0.391271 -0.038000
v 0.219803 0.407183 -0.054000
v 0.332180 0.419026 -0.054000
v 0.333857 0.403114 -0.038000
f 2745 2746 2747
f 2745 2747 2748
v 0.333857 0.403114 0.110000
v 0.332180 0.419026 0.126000
v 0.219803 0.407183 0.126000
v 0.221479 0.391271 0.110000
f 2749 2750 2751
f 2749 2751 2752
v 0.326521 0.472729 -0.038000
v 0.328197 0.456817 -0.054000
v 0.215820 0.444974 -0.054000
v 0.214143 0.460886 -0.038000
f 2753 2754 2755
f 2753 2755 2756
v 0.214143 0.460886 0.110000
v 0.215820 0.444974 0.126000
v 0.328197 0.456817 0.126000
v 0.326521 0.472729 0.110000
f 2757 2758 2759
f 2757 2759 2760
v 0.219803 0.407183 -0.054000
v 0.221479 0.391271 -0.038000
v 0.203891 0.405506 -0.038000
f 2761 2762 2763
v 0.203891 0.405506 0.110000
v 0.221479 0.391271 0.110000
v 0.219803 0.407183 0.126000
f 2764 2765 2766
v 0.199908 0.443297 -0.038000
v 0.214143 0.460886 -0.038000
v 0.215820 0.444974 -0.054000
f 2767 2768 2769
v 0.215820 0.444974 0.126000
v 0.214143 0.460886 0.110000
v 0.199908 0.443297 0.110000
f 2770 2771 2772
v 0.348092 0.420703 -0.038000
v 0.333857 0.403114 -0.038000
v 0.332180 0.419026 -0.054000
f 2773 2774 2775
v 0.332180 0.419026 0.126000
v 0.333857 0.403114 0.110000
v 0.348092 0.420703 0.110000
f 2776 2777 2778
v 0.328197 0.456817 -0.054000
v 0.326521 0.472729 -0.038000
v 0.344109 0.458494 -0.038000
f 2779 2780 2781
v 0.344109 0.458494 0.110000
v 0.326521 0.472729 0.110000
v 0.328197 0.456817 0.126000
f 2782 2783 2784
o Right_glove
usemtl graphite
s off
v 0.214116 0.342702 0.119500
v 0.208666 0.394415 0.119500
v 0.208666 0.394415 -0.009500
v 0.214116 0.342702 -0.009500
f 2785 2786 2787
f 2785 2787 2788
v 0.355334 0.357585 -0.009500
v 0.349884 0.409298 -0.009500
v 0.349884 0.409298 0.119500
v 0.355334 0.357585 0.119500
f 2789 2790 2791
f 2789 2791 2792
v 0.244896 0.317791 -0.009500
v 0.330423 0.326804 -0.009500
v 0.330423 0.326804 0.119500
v 0.244896 0.317791 0.119500
f 2793 2794 2795
f 2793 2795 2796
v 0.233577 0.425196 0.119500
v 0.319104 0.434209 0.119500
v 0.319104 0.434209 -0.009500
v 0.233577 0.425196 -0.009500
f 2797 2798 2799
f 2797 2799 2800
v 0.236512 0.397350 -0.037500
v 0.322038 0.406364 -0.037500
v 0.327488 0.354650 -0.037500
v 0.241962 0.345636 -0.037500
f 2801 2802 2803
f 2801 2803 2804
v 0.241962 0.345636 0.147500
v 0.327488 0.354650 0.147500
v 0.322038 0.406364 0.147500
v 0.236512 0.397350 0.147500
f 2805 2806 2807
f 2805 2807 2808
v 0.214116 0.342702 -0.009500
v 0.244896 0.317791 -0.009500
v 0.244896 0.317791 0.119500
v 0.214116 0.342702 0.119500
f 2809 2810 2811
f 2809 2811 2812
v 0.208666 0.394415 0.119500
v 0.233577 0.425196 0.119500
v 0.233577 0.425196 -0.009500
v 0.208666 0.394415 -0.009500
f 2813 2814 2815
f 2813 2815 2816
v 0.355334 0.357585 0.119500
v 0.330423 0.326804 0.119500
v 0.330423 0.326804 -0.009500
v 0.355334 0.357585 -0.009500
f 2817 2818 2819
f 2817 2819 2820
v 0.349884 0.409298 -0.009500
v 0.319104 0.434209 -0.009500
v 0.319104 0.434209 0.119500
v 0.349884 0.409298 0.119500
f 2821 2822 2823
f 2821 2823 2824
v 0.208666 0.394415 -0.009500
v 0.236512 0.397350 -0.037500
v 0.241962 0.345636 -0.037500
v 0.214116 0.342702 -0.009500
f 2825 2826 2827
f 2825 2827 2828
v 0.214116 0.342702 0.119500
v 0.241962 0.345636 0.147500
v 0.236512 0.397350 0.147500
v 0.208666 0.394415 0.119500
f 2829 2830 2831
f 2829 2831 2832
v 0.355334 0.357585 -0.009500
v 0.327488 0.354650 -0.037500
v 0.322038 0.406364 -0.037500
v 0.349884 0.409298 -0.009500
f 2833 2834 2835
f 2833 2835 2836
v 0.349884 0.409298 0.119500
v 0.322038 0.406364 0.147500
v 0.327488 0.354650 0.147500
v 0.355334 0.357585 0.119500
f 2837 2838 2839
f 2837 2839 2840
v 0.244896 0.317791 -0.009500
v 0.241962 0.345636 -0.037500
v 0.327488 0.354650 -0.037500
v 0.330423 0.326804 -0.009500
f 2841 2842 2843
f 2841 2843 2844
v 0.330423 0.326804 0.119500
v 0.327488 0.354650 0.147500
v 0.241962 0.345636 0.147500
v 0.244896 0.317791 0.119500
f 2845 2846 2847
f 2845 2847 2848
v 0.319104 0.434209 -0.009500
v 0.322038 0.406364 -0.037500
v 0.236512 0.397350 -0.037500
v 0.233577 0.425196 -0.009500
f 2849 2850 2851
f 2849 2851 2852
v 0.233577 0.425196 0.119500
v 0.236512 0.397350 0.147500
v 0.322038 0.406364 0.147500
v 0.319104 0.434209 0.119500
f 2853 2854 2855
f 2853 2855 2856
v 0.241962 0.345636 -0.037500
v 0.244896 0.317791 -0.009500
v 0.214116 0.342702 -0.009500
f 2857 2858 2859
v 0.214116 0.342702 0.119500
v 0.244896 0.317791 0.119500
v 0.241962 0.345636 0.147500
f 2860 2861 2862
v 0.208666 0.394415 -0.009500
v 0.233577 0.425196 -0.009500
v 0.236512 0.397350 -0.037500
f 2863 2864 2865
v 0.236512 0.397350 0.147500
v 0.233577 0.425196 0.119500
v 0.208666 0.394415 0.119500
f 2866 2867 2868
v 0.355334 0.357585 -0.009500
v 0.330423 0.326804 -0.009500
v 0.327488 0.354650 -0.037500
f 2869 2870 2871
v 0.327488 0.354650 0.147500
v 0.330423 0.326804 0.119500
v 0.355334 0.357585 0.119500
f 2872 2873 2874
v 0.322038 0.406364 -0.037500
v 0.319104 0.434209 -0.009500
v 0.349884 0.409298 -0.009500
f 2875 2876 2877
v 0.349884 0.409298 0.119500
v 0.319104 0.434209 0.119500
v 0.322038 0.406364 0.147500
f 2878 2879 2880
o Right_glove_pad
usemtl fabric
s off
v 0.236518 0.356588 0.147000
v 0.232011 0.399351 0.147000
v 0.232011 0.399351 0.141000
v 0.236518 0.356588 0.141000
f 2881 2882 2883
f 2881 2883 2884
v 0.331989 0.366649 0.141000
v 0.327482 0.409412 0.141000
v 0.327482 0.409412 0.147000
v 0.331989 0.366649 0.147000
f 2885 2886 2887
f 2885 2887 2888
v 0.243114 0.351250 0.141000
v 0.326651 0.360053 0.141000
v 0.326651 0.360053 0.147000
v 0.243114 0.351250 0.147000
f 2889 2890 2891
f 2889 2891 2892
v 0.237349 0.405947 0.147000
v 0.320886 0.414750 0.147000
v 0.320886 0.414750 0.141000
v 0.237349 0.405947 0.141000
f 2893 2894 2895
f 2893 2895 2896
v 0.237978 0.399980 0.135000
v 0.321515 0.408783 0.135000
v 0.326022 0.366020 0.135000
v 0.242485 0.357217 0.135000
f 2897 2898 2899
f 2897 2899 2900
v 0.242485 0.357217 0.153000
v 0.326022 0.366020 0.153000
v 0.321515 0.408783 0.153000
v 0.237978 0.399980 0.153000
f 2901 2902 2903
f 2901 2903 2904
v 0.236518 0.356588 0.141000
v 0.243114 0.351250 0.141000
v 0.243114 0.351250 0.147000
v 0.236518 0.356588 0.147000
f 2905 2906 2907
f 2905 2907 2908
v 0.232011 0.399351 0.147000
v 0.237349 0.405947 0.147000
v 0.237349 0.405947 0.141000
v 0.232011 0.399351 0.141000
f 2909 2910 2911
f 2909 2911 2912
v 0.331989 0.366649 0.147000
v 0.326651 0.360053 0.147000
v 0.326651 0.360053 0.141000
v 0.331989 0.366649 0.141000
f 2913 2914 2915
f 2913 2915 2916
v 0.327482 0.409412 0.141000
v 0.320886 0.414750 0.141000
v 0.320886 0.414750 0.147000
v 0.327482 0.409412 0.147000
f 2917 2918 2919
f 2917 2919 2920
v 0.232011 0.399351 0.141000
v 0.237978 0.399980 0.135000
v 0.242485 0.357217 0.135000
v 0.236518 0.356588 0.141000
f 2921 2922 2923
f 2921 2923 2924
v 0.236518 0.356588 0.147000
v 0.242485 0.357217 0.153000
v 0.237978 0.399980 0.153000
v 0.232011 0.399351 0.147000
f 2925 2926 2927
f 2925 2927 2928
v 0.331989 0.366649 0.141000
v 0.326022 0.366020 0.135000
v 0.321515 0.408783 0.135000
v 0.327482 0.409412 0.141000
f 2929 2930 2931
f 2929 2931 2932
v 0.327482 0.409412 0.147000
v 0.321515 0.408783 0.153000
v 0.326022 0.366020 0.153000
v 0.331989 0.366649 0.147000
f 2933 2934 2935
f 2933 2935 2936
v 0.243114 0.351250 0.141000
v 0.242485 0.357217 0.135000
v 0.326022 0.366020 0.135000
v 0.326651 0.360053 0.141000
f 2937 2938 2939
f 2937 2939 2940
v 0.326651 0.360053 0.147000
v 0.326022 0.366020 0.153000
v 0.242485 0.357217 0.153000
v 0.243114 0.351250 0.147000
f 2941 2942 2943
f 2941 2943 2944
v 0.320886 0.414750 0.141000
v 0.321515 0.408783 0.135000
v 0.237978 0.399980 0.135000
v 0.237349 0.405947 0.141000
f 2945 2946 2947
f 2945 2947 2948
v 0.237349 0.405947 0.147000
v 0.237978 0.399980 0.153000
v 0.321515 0.408783 0.153000
v 0.320886 0.414750 0.147000
f 2949 2950 2951
f 2949 2951 2952
v 0.242485 0.357217 0.135000
v 0.243114 0.351250 0.141000
v 0.236518 0.356588 0.141000
f 2953 2954 2955
v 0.236518 0.356588 0.147000
v 0.243114 0.351250 0.147000
v 0.242485 0.357217 0.153000
f 2956 2957 2958
v 0.232011 0.399351 0.141000
v 0.237349 0.405947 0.141000
v 0.237978 0.399980 0.135000
f 2959 2960 2961
v 0.237978 0.399980 0.153000
v 0.237349 0.405947 0.147000
v 0.232011 0.399351 0.147000
f 2962 2963 2964
v 0.331989 0.366649 0.141000
v 0.326651 0.360053 0.141000
v 0.326022 0.366020 0.135000
f 2965 2966 2967
v 0.326022 0.366020 0.153000
v 0.326651 0.360053 0.147000
v 0.331989 0.366649 0.147000
f 2968 2969 2970
v 0.321515 0.408783 0.135000
v 0.320886 0.414750 0.141000
v 0.327482 0.409412 0.141000
f 2971 2972 2973
v 0.327482 0.409412 0.147000
v 0.320886 0.414750 0.147000
v 0.321515 0.408783 0.153000
f 2974 2975 2976
o Neck_seal
usemtl rubber
s off
v -0.125000 0.712500 0.094000
v -0.125000 0.737500 0.094000
v -0.125000 0.737500 -0.094000
v -0.125000 0.712500 -0.094000
f 2977 2978 2979
f 2977 2979 2980
v 0.125000 0.712500 -0.094000
v 0.125000 0.737500 -0.094000
v 0.125000 0.737500 0.094000
v 0.125000 0.712500 0.094000
f 2981 2982 2983
f 2981 2983 2984
v -0.100000 0.687500 -0.094000
v 0.100000 0.687500 -0.094000
v 0.100000 0.687500 0.094000
v -0.100000 0.687500 0.094000
f 2985 2986 2987
f 2985 2987 2988
v -0.100000 0.762500 0.094000
v 0.100000 0.762500 0.094000
v 0.100000 0.762500 -0.094000
v -0.100000 0.762500 -0.094000
f 2989 2990 2991
f 2989 2991 2992
v -0.100000 0.737500 -0.119000
v 0.100000 0.737500 -0.119000
v 0.100000 0.712500 -0.119000
v -0.100000 0.712500 -0.119000
f 2993 2994 2995
f 2993 2995 2996
v -0.100000 0.712500 0.119000
v 0.100000 0.712500 0.119000
v 0.100000 0.737500 0.119000
v -0.100000 0.737500 0.119000
f 2997 2998 2999
f 2997 2999 3000
v -0.125000 0.712500 -0.094000
v -0.100000 0.687500 -0.094000
v -0.100000 0.687500 0.094000
v -0.125000 0.712500 0.094000
f 3001 3002 3003
f 3001 3003 3004
v -0.125000 0.737500 0.094000
v -0.100000 0.762500 0.094000
v -0.100000 0.762500 -0.094000
v -0.125000 0.737500 -0.094000
f 3005 3006 3007
f 3005 3007 3008
v 0.125000 0.712500 0.094000
v 0.100000 0.687500 0.094000
v 0.100000 0.687500 -0.094000
v 0.125000 0.712500 -0.094000
f 3009 3010 3011
f 3009 3011 3012
v 0.125000 0.737500 -0.094000
v 0.100000 0.762500 -0.094000
v 0.100000 0.762500 0.094000
v 0.125000 0.737500 0.094000
f 3013 3014 3015
f 3013 3015 3016
v -0.125000 0.737500 -0.094000
v -0.100000 0.737500 -0.119000
v -0.100000 0.712500 -0.119000
v -0.125000 0.712500 -0.094000
f 3017 3018 3019
f 3017 3019 3020
v -0.125000 0.712500 0.094000
v -0.100000 0.712500 0.119000
v -0.100000 0.737500 0.119000
v -0.125000 0.737500 0.094000
f 3021 3022 3023
f 3021 3023 3024
v 0.125000 0.712500 -0.094000
v 0.100000 0.712500 -0.119000
v 0.100000 0.737500 -0.119000
v 0.125000 0.737500 -0.094000
f 3025 3026 3027
f 3025 3027 3028
v 0.125000 0.737500 0.094000
v 0.100000 0.737500 0.119000
v 0.100000 0.712500 0.119000
v 0.125000 0.712500 0.094000
f 3029 3030 3031
f 3029 3031 3032
v -0.100000 0.687500 -0.094000
v -0.100000 0.712500 -0.119000
v 0.100000 0.712500 -0.119000
v 0.100000 0.687500 -0.094000
f 3033 3034 3035
f 3033 3035 3036
v 0.100000 0.687500 0.094000
v 0.100000 0.712500 0.119000
v -0.100000 0.712500 0.119000
v -0.100000 0.687500 0.094000
f 3037 3038 3039
f 3037 3039 3040
v 0.100000 0.762500 -0.094000
v 0.100000 0.737500 -0.119000
v -0.100000 0.737500 -0.119000
v -0.100000 0.762500 -0.094000
f 3041 3042 3043
f 3041 3043 3044
v -0.100000 0.762500 0.094000
v -0.100000 0.737500 0.119000
v 0.100000 0.737500 0.119000
v 0.100000 0.762500 0.094000
f 3045 3046 3047
f 3045 3047 3048
v -0.100000 0.712500 -0.119000
v -0.100000 0.687500 -0.094000
v -0.125000 0.712500 -0.094000
f 3049 3050 3051
v -0.125000 0.712500 0.094000
v -0.100000 0.687500 0.094000
v -0.100000 0.712500 0.119000
f 3052 3053 3054
v -0.125000 0.737500 -0.094000
v -0.100000 0.762500 -0.094000
v -0.100000 0.737500 -0.119000
f 3055 3056 3057
v -0.100000 0.737500 0.119000
v -0.100000 0.762500 0.094000
v -0.125000 0.737500 0.094000
f 3058 3059 3060
v 0.125000 0.712500 -0.094000
v 0.100000 0.687500 -0.094000
v 0.100000 0.712500 -0.119000
f 3061 3062 3063
v 0.100000 0.712500 0.119000
v 0.100000 0.687500 0.094000
v 0.125000 0.712500 0.094000
f 3064 3065 3066
v 0.100000 0.737500 -0.119000
v 0.100000 0.762500 -0.094000
v 0.125000 0.737500 -0.094000
f 3067 3068 3069
v 0.125000 0.737500 0.094000
v 0.100000 0.762500 0.094000
v 0.100000 0.737500 0.119000
f 3070 3071 3072
o Helmet_lower_ring
usemtl graphite
s off
v -0.191000 0.753750 0.147750
v -0.191000 0.764250 0.147750
v -0.191000 0.764250 -0.125750
v -0.191000 0.753750 -0.125750
f 3073 3074 3075
f 3073 3075 3076
v 0.191000 0.753750 -0.125750
v 0.191000 0.764250 -0.125750
v 0.191000 0.764250 0.147750
v 0.191000 0.753750 0.147750
f 3077 3078 3079
f 3077 3079 3080
v -0.161250 0.724000 -0.125750
v 0.161250 0.724000 -0.125750
v 0.161250 0.724000 0.147750
v -0.161250 0.724000 0.147750
f 3081 3082 3083
f 3081 3083 3084
v -0.161250 0.794000 0.147750
v 0.161250 0.794000 0.147750
v 0.161250 0.794000 -0.125750
v -0.161250 0.794000 -0.125750
f 3085 3086 3087
f 3085 3087 3088
v -0.161250 0.764250 -0.155500
v 0.161250 0.764250 -0.155500
v 0.161250 0.753750 -0.155500
v -0.161250 0.753750 -0.155500
f 3089 3090 3091
f 3089 3091 3092
v -0.161250 0.753750 0.177500
v 0.161250 0.753750 0.177500
v 0.161250 0.764250 0.177500
v -0.161250 0.764250 0.177500
f 3093 3094 3095
f 3093 3095 3096
v -0.191000 0.753750 -0.125750
v -0.161250 0.724000 -0.125750
v -0.161250 0.724000 0.147750
v -0.191000 0.753750 0.147750
f 3097 3098 3099
f 3097 3099 3100
v -0.191000 0.764250 0.147750
v -0.161250 0.794000 0.147750
v -0.161250 0.794000 -0.125750
v -0.191000 0.764250 -0.125750
f 3101 3102 3103
f 3101 3103 3104
v 0.191000 0.753750 0.147750
v 0.161250 0.724000 0.147750
v 0.161250 0.724000 -0.125750
v 0.191000 0.753750 -0.125750
f 3105 3106 3107
f 3105 3107 3108
v 0.191000 0.764250 -0.125750
v 0.161250 0.794000 -0.125750
v 0.161250 0.794000 0.147750
v 0.191000 0.764250 0.147750
f 3109 3110 3111
f 3109 3111 3112
v -0.191000 0.764250 -0.125750
v -0.161250 0.764250 -0.155500
v -0.161250 0.753750 -0.155500
v -0.191000 0.753750 -0.125750
f 3113 3114 3115
f 3113 3115 3116
v -0.191000 0.753750 0.147750
v -0.161250 0.753750 0.177500
v -0.161250 0.764250 0.177500
v -0.191000 0.764250 0.147750
f 3117 3118 3119
f 3117 3119 3120
v 0.191000 0.753750 -0.125750
v 0.161250 0.753750 -0.155500
v 0.161250 0.764250 -0.155500
v 0.191000 0.764250 -0.125750
f 3121 3122 3123
f 3121 3123 3124
v 0.191000 0.764250 0.147750
v 0.161250 0.764250 0.177500
v 0.161250 0.753750 0.177500
v 0.191000 0.753750 0.147750
f 3125 3126 3127
f 3125 3127 3128
v -0.161250 0.724000 -0.125750
v -0.161250 0.753750 -0.155500
v 0.161250 0.753750 -0.155500
v 0.161250 0.724000 -0.125750
f 3129 3130 3131
f 3129 3131 3132
v 0.161250 0.724000 0.147750
v 0.161250 0.753750 0.177500
v -0.161250 0.753750 0.177500
v -0.161250 0.724000 0.147750
f 3133 3134 3135
f 3133 3135 3136
v 0.161250 0.794000 -0.125750
v 0.161250 0.764250 -0.155500
v -0.161250 0.764250 -0.155500
v -0.161250 0.794000 -0.125750
f 3137 3138 3139
f 3137 3139 3140
v -0.161250 0.794000 0.147750
v -0.161250 0.764250 0.177500
v 0.161250 0.764250 0.177500
v 0.161250 0.794000 0.147750
f 3141 3142 3143
f 3141 3143 3144
v -0.161250 0.753750 -0.155500
v -0.161250 0.724000 -0.125750
v -0.191000 0.753750 -0.125750
f 3145 3146 3147
v -0.191000 0.753750 0.147750
v -0.161250 0.724000 0.147750
v -0.161250 0.753750 0.177500
f 3148 3149 3150
v -0.191000 0.764250 -0.125750
v -0.161250 0.794000 -0.125750
v -0.161250 0.764250 -0.155500
f 3151 3152 3153
v -0.161250 0.764250 0.177500
v -0.161250 0.794000 0.147750
v -0.191000 0.764250 0.147750
f 3154 3155 3156
v 0.191000 0.753750 -0.125750
v 0.161250 0.724000 -0.125750
v 0.161250 0.753750 -0.155500
f 3157 3158 3159
v 0.161250 0.753750 0.177500
v 0.161250 0.724000 0.147750
v 0.191000 0.753750 0.147750
f 3160 3161 3162
v 0.161250 0.764250 -0.155500
v 0.161250 0.794000 -0.125750
v 0.191000 0.764250 -0.125750
f 3163 3164 3165
v 0.191000 0.764250 0.147750
v 0.161250 0.794000 0.147750
v 0.161250 0.764250 0.177500
f 3166 3167 3168
o Helmet_shell
usemtl ivory
s off
v -0.240500 0.816500 0.137000
v -0.240500 1.035500 0.137000
v -0.240500 1.035500 -0.121000
v -0.240500 0.816500 -0.121000
f 3169 3170 3171
f 3169 3171 3172
v 0.240500 0.816500 -0.121000
v 0.240500 1.035500 -0.121000
v 0.240500 1.035500 0.137000
v 0.240500 0.816500 0.137000
f 3173 3174 3175
f 3173 3175 3176
v -0.169500 0.745500 -0.121000
v 0.169500 0.745500 -0.121000
v 0.169500 0.745500 0.137000
v -0.169500 0.745500 0.137000
f 3177 3178 3179
f 3177 3179 3180
v -0.169500 1.106500 0.137000
v 0.169500 1.106500 0.137000
v 0.169500 1.106500 -0.121000
v -0.169500 1.106500 -0.121000
f 3181 3182 3183
f 3181 3183 3184
v -0.169500 1.035500 -0.192000
v 0.169500 1.035500 -0.192000
v 0.169500 0.816500 -0.192000
v -0.169500 0.816500 -0.192000
f 3185 3186 3187
f 3185 3187 3188
v -0.169500 0.816500 0.208000
v 0.169500 0.816500 0.208000
v 0.169500 1.035500 0.208000
v -0.169500 1.035500 0.208000
f 3189 3190 3191
f 3189 3191 3192
v -0.240500 0.816500 -0.121000
v -0.169500 0.745500 -0.121000
v -0.169500 0.745500 0.137000
v -0.240500 0.816500 0.137000
f 3193 3194 3195
f 3193 3195 3196
v -0.240500 1.035500 0.137000
v -0.169500 1.106500 0.137000
v -0.169500 1.106500 -0.121000
v -0.240500 1.035500 -0.121000
f 3197 3198 3199
f 3197 3199 3200
v 0.240500 0.816500 0.137000
v 0.169500 0.745500 0.137000
v 0.169500 0.745500 -0.121000
v 0.240500 0.816500 -0.121000
f 3201 3202 3203
f 3201 3203 3204
v 0.240500 1.035500 -0.121000
v 0.169500 1.106500 -0.121000
v 0.169500 1.106500 0.137000
v 0.240500 1.035500 0.137000
f 3205 3206 3207
f 3205 3207 3208
v -0.240500 1.035500 -0.121000
v -0.169500 1.035500 -0.192000
v -0.169500 0.816500 -0.192000
v -0.240500 0.816500 -0.121000
f 3209 3210 3211
f 3209 3211 3212
v -0.240500 0.816500 0.137000
v -0.169500 0.816500 0.208000
v -0.169500 1.035500 0.208000
v -0.240500 1.035500 0.137000
f 3213 3214 3215
f 3213 3215 3216
v 0.240500 0.816500 -0.121000
v 0.169500 0.816500 -0.192000
v 0.169500 1.035500 -0.192000
v 0.240500 1.035500 -0.121000
f 3217 3218 3219
f 3217 3219 3220
v 0.240500 1.035500 0.137000
v 0.169500 1.035500 0.208000
v 0.169500 0.816500 0.208000
v 0.240500 0.816500 0.137000
f 3221 3222 3223
f 3221 3223 3224
v -0.169500 0.745500 -0.121000
v -0.169500 0.816500 -0.192000
v 0.169500 0.816500 -0.192000
v 0.169500 0.745500 -0.121000
f 3225 3226 3227
f 3225 3227 3228
v 0.169500 0.745500 0.137000
v 0.169500 0.816500 0.208000
v -0.169500 0.816500 0.208000
v -0.169500 0.745500 0.137000
f 3229 3230 3231
f 3229 3231 3232
v 0.169500 1.106500 -0.121000
v 0.169500 1.035500 -0.192000
v -0.169500 1.035500 -0.192000
v -0.169500 1.106500 -0.121000
f 3233 3234 3235
f 3233 3235 3236
v -0.169500 1.106500 0.137000
v -0.169500 1.035500 0.208000
v 0.169500 1.035500 0.208000
v 0.169500 1.106500 0.137000
f 3237 3238 3239
f 3237 3239 3240
v -0.169500 0.816500 -0.192000
v -0.169500 0.745500 -0.121000
v -0.240500 0.816500 -0.121000
f 3241 3242 3243
v -0.240500 0.816500 0.137000
v -0.169500 0.745500 0.137000
v -0.169500 0.816500 0.208000
f 3244 3245 3246
v -0.240500 1.035500 -0.121000
v -0.169500 1.106500 -0.121000
v -0.169500 1.035500 -0.192000
f 3247 3248 3249
v -0.169500 1.035500 0.208000
v -0.169500 1.106500 0.137000
v -0.240500 1.035500 0.137000
f 3250 3251 3252
v 0.240500 0.816500 -0.121000
v 0.169500 0.745500 -0.121000
v 0.169500 0.816500 -0.192000
f 3253 3254 3255
v 0.169500 0.816500 0.208000
v 0.169500 0.745500 0.137000
v 0.240500 0.816500 0.137000
f 3256 3257 3258
v 0.169500 1.035500 -0.192000
v 0.169500 1.106500 -0.121000
v 0.240500 1.035500 -0.121000
f 3259 3260 3261
v 0.240500 1.035500 0.137000
v 0.169500 1.106500 0.137000
v 0.169500 1.035500 0.208000
f 3262 3263 3264
o Helmet_crown
usemtl porcelain
s off
v -0.147000 1.085000 0.102500
v -0.147000 1.097000 0.102500
v -0.147000 1.097000 -0.118500
v -0.147000 1.085000 -0.118500
f 3265 3266 3267
f 3265 3267 3268
v 0.147000 1.085000 -0.118500
v 0.147000 1.097000 -0.118500
v 0.147000 1.097000 0.102500
v 0.147000 1.085000 0.102500
f 3269 3270 3271
f 3269 3271 3272
v -0.135000 1.073000 -0.118500
v 0.135000 1.073000 -0.118500
v 0.135000 1.073000 0.102500
v -0.135000 1.073000 0.102500
f 3273 3274 3275
f 3273 3275 3276
v -0.135000 1.109000 0.102500
v 0.135000 1.109000 0.102500
v 0.135000 1.109000 -0.118500
v -0.135000 1.109000 -0.118500
f 3277 3278 3279
f 3277 3279 3280
v -0.135000 1.097000 -0.130500
v 0.135000 1.097000 -0.130500
v 0.135000 1.085000 -0.130500
v -0.135000 1.085000 -0.130500
f 3281 3282 3283
f 3281 3283 3284
v -0.135000 1.085000 0.114500
v 0.135000 1.085000 0.114500
v 0.135000 1.097000 0.114500
v -0.135000 1.097000 0.114500
f 3285 3286 3287
f 3285 3287 3288
v -0.147000 1.085000 -0.118500
v -0.135000 1.073000 -0.118500
v -0.135000 1.073000 0.102500
v -0.147000 1.085000 0.102500
f 3289 3290 3291
f 3289 3291 3292
v -0.147000 1.097000 0.102500
v -0.135000 1.109000 0.102500
v -0.135000 1.109000 -0.118500
v -0.147000 1.097000 -0.118500
f 3293 3294 3295
f 3293 3295 3296
v 0.147000 1.085000 0.102500
v 0.135000 1.073000 0.102500
v 0.135000 1.073000 -0.118500
v 0.147000 1.085000 -0.118500
f 3297 3298 3299
f 3297 3299 3300
v 0.147000 1.097000 -0.118500
v 0.135000 1.109000 -0.118500
v 0.135000 1.109000 0.102500
v 0.147000 1.097000 0.102500
f 3301 3302 3303
f 3301 3303 3304
v -0.147000 1.097000 -0.118500
v -0.135000 1.097000 -0.130500
v -0.135000 1.085000 -0.130500
v -0.147000 1.085000 -0.118500
f 3305 3306 3307
f 3305 3307 3308
v -0.147000 1.085000 0.102500
v -0.135000 1.085000 0.114500
v -0.135000 1.097000 0.114500
v -0.147000 1.097000 0.102500
f 3309 3310 3311
f 3309 3311 3312
v 0.147000 1.085000 -0.118500
v 0.135000 1.085000 -0.130500
v 0.135000 1.097000 -0.130500
v 0.147000 1.097000 -0.118500
f 3313 3314 3315
f 3313 3315 3316
v 0.147000 1.097000 0.102500
v 0.135000 1.097000 0.114500
v 0.135000 1.085000 0.114500
v 0.147000 1.085000 0.102500
f 3317 3318 3319
f 3317 3319 3320
v -0.135000 1.073000 -0.118500
v -0.135000 1.085000 -0.130500
v 0.135000 1.085000 -0.130500
v 0.135000 1.073000 -0.118500
f 3321 3322 3323
f 3321 3323 3324
v 0.135000 1.073000 0.102500
v 0.135000 1.085000 0.114500
v -0.135000 1.085000 0.114500
v -0.135000 1.073000 0.102500
f 3325 3326 3327
f 3325 3327 3328
v 0.135000 1.109000 -0.118500
v 0.135000 1.097000 -0.130500
v -0.135000 1.097000 -0.130500
v -0.135000 1.109000 -0.118500
f 3329 3330 3331
f 3329 3331 3332
v -0.135000 1.109000 0.102500
v -0.135000 1.097000 0.114500
v 0.135000 1.097000 0.114500
v 0.135000 1.109000 0.102500
f 3333 3334 3335
f 3333 3335 3336
v -0.135000 1.085000 -0.130500
v -0.135000 1.073000 -0.118500
v -0.147000 1.085000 -0.118500
f 3337 3338 3339
v -0.147000 1.085000 0.102500
v -0.135000 1.073000 0.102500
v -0.135000 1.085000 0.114500
f 3340 3341 3342
v -0.147000 1.097000 -0.118500
v -0.135000 1.109000 -0.118500
v -0.135000 1.097000 -0.130500
f 3343 3344 3345
v -0.135000 1.097000 0.114500
v -0.135000 1.109000 0.102500
v -0.147000 1.097000 0.102500
f 3346 3347 3348
v 0.147000 1.085000 -0.118500
v 0.135000 1.073000 -0.118500
v 0.135000 1.085000 -0.130500
f 3349 3350 3351
v 0.135000 1.085000 0.114500
v 0.135000 1.073000 0.102500
v 0.147000 1.085000 0.102500
f 3352 3353 3354
v 0.135000 1.097000 -0.130500
v 0.135000 1.109000 -0.118500
v 0.147000 1.097000 -0.118500
f 3355 3356 3357
v 0.147000 1.097000 0.102500
v 0.135000 1.109000 0.102500
v 0.135000 1.097000 0.114500
f 3358 3359 3360
o Visor_gasket
usemtl rubber
s off
v -0.204500 0.814700 0.203300
v -0.204500 1.025300 0.203300
v -0.204500 1.025300 0.196700
v -0.204500 0.814700 0.196700
f 3361 3362 3363
f 3361 3363 3364
v 0.204500 0.814700 0.196700
v 0.204500 1.025300 0.196700
v 0.204500 1.025300 0.203300
v 0.204500 0.814700 0.203300
f 3365 3366 3367
f 3365 3367 3368
v -0.185800 0.796000 0.196700
v 0.185800 0.796000 0.196700
v 0.185800 0.796000 0.203300
v -0.185800 0.796000 0.203300
f 3369 3370 3371
f 3369 3371 3372
v -0.185800 1.044000 0.203300
v 0.185800 1.044000 0.203300
v 0.185800 1.044000 0.196700
v -0.185800 1.044000 0.196700
f 3373 3374 3375
f 3373 3375 3376
v -0.185800 1.025300 0.178000
v 0.185800 1.025300 0.178000
v 0.185800 0.814700 0.178000
v -0.185800 0.814700 0.178000
f 3377 3378 3379
f 3377 3379 3380
v -0.185800 0.814700 0.222000
v 0.185800 0.814700 0.222000
v 0.185800 1.025300 0.222000
v -0.185800 1.025300 0.222000
f 3381 3382 3383
f 3381 3383 3384
v -0.204500 0.814700 0.196700
v -0.185800 0.796000 0.196700
v -0.185800 0.796000 0.203300
v -0.204500 0.814700 0.203300
f 3385 3386 3387
f 3385 3387 3388
v -0.204500 1.025300 0.203300
v -0.185800 1.044000 0.203300
v -0.185800 1.044000 0.196700
v -0.204500 1.025300 0.196700
f 3389 3390 3391
f 3389 3391 3392
v 0.204500 0.814700 0.203300
v 0.185800 0.796000 0.203300
v 0.185800 0.796000 0.196700
v 0.204500 0.814700 0.196700
f 3393 3394 3395
f 3393 3395 3396
v 0.204500 1.025300 0.196700
v 0.185800 1.044000 0.196700
v 0.185800 1.044000 0.203300
v 0.204500 1.025300 0.203300
f 3397 3398 3399
f 3397 3399 3400
v -0.204500 1.025300 0.196700
v -0.185800 1.025300 0.178000
v -0.185800 0.814700 0.178000
v -0.204500 0.814700 0.196700
f 3401 3402 3403
f 3401 3403 3404
v -0.204500 0.814700 0.203300
v -0.185800 0.814700 0.222000
v -0.185800 1.025300 0.222000
v -0.204500 1.025300 0.203300
f 3405 3406 3407
f 3405 3407 3408
v 0.204500 0.814700 0.196700
v 0.185800 0.814700 0.178000
v 0.185800 1.025300 0.178000
v 0.204500 1.025300 0.196700
f 3409 3410 3411
f 3409 3411 3412
v 0.204500 1.025300 0.203300
v 0.185800 1.025300 0.222000
v 0.185800 0.814700 0.222000
v 0.204500 0.814700 0.203300
f 3413 3414 3415
f 3413 3415 3416
v -0.185800 0.796000 0.196700
v -0.185800 0.814700 0.178000
v 0.185800 0.814700 0.178000
v 0.185800 0.796000 0.196700
f 3417 3418 3419
f 3417 3419 3420
v 0.185800 0.796000 0.203300
v 0.185800 0.814700 0.222000
v -0.185800 0.814700 0.222000
v -0.185800 0.796000 0.203300
f 3421 3422 3423
f 3421 3423 3424
v 0.185800 1.044000 0.196700
v 0.185800 1.025300 0.178000
v -0.185800 1.025300 0.178000
v -0.185800 1.044000 0.196700
f 3425 3426 3427
f 3425 3427 3428
v -0.185800 1.044000 0.203300
v -0.185800 1.025300 0.222000
v 0.185800 1.025300 0.222000
v 0.185800 1.044000 0.203300
f 3429 3430 3431
f 3429 3431 3432
v -0.185800 0.814700 0.178000
v -0.185800 0.796000 0.196700
v -0.204500 0.814700 0.196700
f 3433 3434 3435
v -0.204500 0.814700 0.203300
v -0.185800 0.796000 0.203300
v -0.185800 0.814700 0.222000
f 3436 3437 3438
v -0.204500 1.025300 0.196700
v -0.185800 1.044000 0.196700
v -0.185800 1.025300 0.178000
f 3439 3440 3441
v -0.185800 1.025300 0.222000
v -0.185800 1.044000 0.203300
v -0.204500 1.025300 0.203300
f 3442 3443 3444
v 0.204500 0.814700 0.196700
v 0.185800 0.796000 0.196700
v 0.185800 0.814700 0.178000
f 3445 3446 3447
v 0.185800 0.814700 0.222000
v 0.185800 0.796000 0.203300
v 0.204500 0.814700 0.203300
f 3448 3449 3450
v 0.185800 1.025300 0.178000
v 0.185800 1.044000 0.196700
v 0.204500 1.025300 0.196700
f 3451 3452 3453
v 0.204500 1.025300 0.203300
v 0.185800 1.044000 0.203300
v 0.185800 1.025300 0.222000
f 3454 3455 3456
o Visor
usemtl visor
s off
v -0.184000 0.839675 0.226325
v -0.184000 1.016325 0.226325
v -0.184000 1.016325 0.221675
v -0.184000 0.839675 0.221675
f 3457 3458 3459
f 3457 3459 3460
v 0.184000 0.839675 0.221675
v 0.184000 1.016325 0.221675
v 0.184000 1.016325 0.226325
v 0.184000 0.839675 0.226325
f 3461 3462 3463
f 3461 3463 3464
v -0.170825 0.826500 0.221675
v 0.170825 0.826500 0.221675
v 0.170825 0.826500 0.226325
v -0.170825 0.826500 0.226325
f 3465 3466 3467
f 3465 3467 3468
v -0.170825 1.029500 0.226325
v 0.170825 1.029500 0.226325
v 0.170825 1.029500 0.221675
v -0.170825 1.029500 0.221675
f 3469 3470 3471
f 3469 3471 3472
v -0.170825 1.016325 0.208500
v 0.170825 1.016325 0.208500
v 0.170825 0.839675 0.208500
v -0.170825 0.839675 0.208500
f 3473 3474 3475
f 3473 3475 3476
v -0.170825 0.839675 0.239500
v 0.170825 0.839675 0.239500
v 0.170825 1.016325 0.239500
v -0.170825 1.016325 0.239500
f 3477 3478 3479
f 3477 3479 3480
v -0.184000 0.839675 0.221675
v -0.170825 0.826500 0.221675
v -0.170825 0.826500 0.226325
v -0.184000 0.839675 0.226325
f 3481 3482 3483
f 3481 3483 3484
v -0.184000 1.016325 0.226325
v -0.170825 1.029500 0.226325
v -0.170825 1.029500 0.221675
v -0.184000 1.016325 0.221675
f 3485 3486 3487
f 3485 3487 3488
v 0.184000 0.839675 0.226325
v 0.170825 0.826500 0.226325
v 0.170825 0.826500 0.221675
v 0.184000 0.839675 0.221675
f 3489 3490 3491
f 3489 3491 3492
v 0.184000 1.016325 0.221675
v 0.170825 1.029500 0.221675
v 0.170825 1.029500 0.226325
v 0.184000 1.016325 0.226325
f 3493 3494 3495
f 3493 3495 3496
v -0.184000 1.016325 0.221675
v -0.170825 1.016325 0.208500
v -0.170825 0.839675 0.208500
v -0.184000 0.839675 0.221675
f 3497 3498 3499
f 3497 3499 3500
v -0.184000 0.839675 0.226325
v -0.170825 0.839675 0.239500
v -0.170825 1.016325 0.239500
v -0.184000 1.016325 0.226325
f 3501 3502 3503
f 3501 3503 3504
v 0.184000 0.839675 0.221675
v 0.170825 0.839675 0.208500
v 0.170825 1.016325 0.208500
v 0.184000 1.016325 0.221675
f 3505 3506 3507
f 3505 3507 3508
v 0.184000 1.016325 0.226325
v 0.170825 1.016325 0.239500
v 0.170825 0.839675 0.239500
v 0.184000 0.839675 0.226325
f 3509 3510 3511
f 3509 3511 3512
v -0.170825 0.826500 0.221675
v -0.170825 0.839675 0.208500
v 0.170825 0.839675 0.208500
v 0.170825 0.826500 0.221675
f 3513 3514 3515
f 3513 3515 3516
v 0.170825 0.826500 0.226325
v 0.170825 0.839675 0.239500
v -0.170825 0.839675 0.239500
v -0.170825 0.826500 0.226325
f 3517 3518 3519
f 3517 3519 3520
v 0.170825 1.029500 0.221675
v 0.170825 1.016325 0.208500
v -0.170825 1.016325 0.208500
v -0.170825 1.029500 0.221675
f 3521 3522 3523
f 3521 3523 3524
v -0.170825 1.029500 0.226325
v -0.170825 1.016325 0.239500
v 0.170825 1.016325 0.239500
v 0.170825 1.029500 0.226325
f 3525 3526 3527
f 3525 3527 3528
v -0.170825 0.839675 0.208500
v -0.170825 0.826500 0.221675
v -0.184000 0.839675 0.221675
f 3529 3530 3531
v -0.184000 0.839675 0.226325
v -0.170825 0.826500 0.226325
v -0.170825 0.839675 0.239500
f 3532 3533 3534
v -0.184000 1.016325 0.221675
v -0.170825 1.029500 0.221675
v -0.170825 1.016325 0.208500
f 3535 3536 3537
v -0.170825 1.016325 0.239500
v -0.170825 1.029500 0.226325
v -0.184000 1.016325 0.226325
f 3538 3539 3540
v 0.184000 0.839675 0.221675
v 0.170825 0.826500 0.221675
v 0.170825 0.839675 0.208500
f 3541 3542 3543
v 0.170825 0.839675 0.239500
v 0.170825 0.826500 0.226325
v 0.184000 0.839675 0.226325
f 3544 3545 3546
v 0.170825 1.016325 0.208500
v 0.170825 1.029500 0.221675
v 0.184000 1.016325 0.221675
f 3547 3548 3549
v 0.184000 1.016325 0.226325
v 0.170825 1.029500 0.226325
v 0.170825 1.016325 0.239500
f 3550 3551 3552
o Visor_lower_reflection
usemtl glass
s off
v -0.041000 0.849500 0.241500
v -0.041000 0.866500 0.241500
v -0.041000 0.866500 0.240500
v -0.041000 0.849500 0.240500
f 3553 3554 3555
f 3553 3555 3556
v 0.151000 0.849500 0.240500
v 0.151000 0.866500 0.240500
v 0.151000 0.866500 0.241500
v 0.151000 0.849500 0.241500
f 3557 3558 3559
f 3557 3559 3560
v -0.039000 0.847500 0.240500
v 0.149000 0.847500 0.240500
v 0.149000 0.847500 0.241500
v -0.039000 0.847500 0.241500
f 3561 3562 3563
f 3561 3563 3564
v -0.039000 0.868500 0.241500
v 0.149000 0.868500 0.241500
v 0.149000 0.868500 0.240500
v -0.039000 0.868500 0.240500
f 3565 3566 3567
f 3565 3567 3568
v -0.039000 0.866500 0.238500
v 0.149000 0.866500 0.238500
v 0.149000 0.849500 0.238500
v -0.039000 0.849500 0.238500
f 3569 3570 3571
f 3569 3571 3572
v -0.039000 0.849500 0.243500
v 0.149000 0.849500 0.243500
v 0.149000 0.866500 0.243500
v -0.039000 0.866500 0.243500
f 3573 3574 3575
f 3573 3575 3576
v -0.041000 0.849500 0.240500
v -0.039000 0.847500 0.240500
v -0.039000 0.847500 0.241500
v -0.041000 0.849500 0.241500
f 3577 3578 3579
f 3577 3579 3580
v -0.041000 0.866500 0.241500
v -0.039000 0.868500 0.241500
v -0.039000 0.868500 0.240500
v -0.041000 0.866500 0.240500
f 3581 3582 3583
f 3581 3583 3584
v 0.151000 0.849500 0.241500
v 0.149000 0.847500 0.241500
v 0.149000 0.847500 0.240500
v 0.151000 0.849500 0.240500
f 3585 3586 3587
f 3585 3587 3588
v 0.151000 0.866500 0.240500
v 0.149000 0.868500 0.240500
v 0.149000 0.868500 0.241500
v 0.151000 0.866500 0.241500
f 3589 3590 3591
f 3589 3591 3592
v -0.041000 0.866500 0.240500
v -0.039000 0.866500 0.238500
v -0.039000 0.849500 0.238500
v -0.041000 0.849500 0.240500
f 3593 3594 3595
f 3593 3595 3596
v -0.041000 0.849500 0.241500
v -0.039000 0.849500 0.243500
v -0.039000 0.866500 0.243500
v -0.041000 0.866500 0.241500
f 3597 3598 3599
f 3597 3599 3600
v 0.151000 0.849500 0.240500
v 0.149000 0.849500 0.238500
v 0.149000 0.866500 0.238500
v 0.151000 0.866500 0.240500
f 3601 3602 3603
f 3601 3603 3604
v 0.151000 0.866500 0.241500
v 0.149000 0.866500 0.243500
v 0.149000 0.849500 0.243500
v 0.151000 0.849500 0.241500
f 3605 3606 3607
f 3605 3607 3608
v -0.039000 0.847500 0.240500
v -0.039000 0.849500 0.238500
v 0.149000 0.849500 0.238500
v 0.149000 0.847500 0.240500
f 3609 3610 3611
f 3609 3611 3612
v 0.149000 0.847500 0.241500
v 0.149000 0.849500 0.243500
v -0.039000 0.849500 0.243500
v -0.039000 0.847500 0.241500
f 3613 3614 3615
f 3613 3615 3616
v 0.149000 0.868500 0.240500
v 0.149000 0.866500 0.238500
v -0.039000 0.866500 0.238500
v -0.039000 0.868500 0.240500
f 3617 3618 3619
f 3617 3619 3620
v -0.039000 0.868500 0.241500
v -0.039000 0.866500 0.243500
v 0.149000 0.866500 0.243500
v 0.149000 0.868500 0.241500
f 3621 3622 3623
f 3621 3623 3624
v -0.039000 0.849500 0.238500
v -0.039000 0.847500 0.240500
v -0.041000 0.849500 0.240500
f 3625 3626 3627
v -0.041000 0.849500 0.241500
v -0.039000 0.847500 0.241500
v -0.039000 0.849500 0.243500
f 3628 3629 3630
v -0.041000 0.866500 0.240500
v -0.039000 0.868500 0.240500
v -0.039000 0.866500 0.238500
f 3631 3632 3633
v -0.039000 0.866500 0.243500
v -0.039000 0.868500 0.241500
v -0.041000 0.866500 0.241500
f 3634 3635 3636
v 0.151000 0.849500 0.240500
v 0.149000 0.847500 0.240500
v 0.149000 0.849500 0.238500
f 3637 3638 3639
v 0.149000 0.849500 0.243500
v 0.149000 0.847500 0.241500
v 0.151000 0.849500 0.241500
f 3640 3641 3642
v 0.149000 0.866500 0.238500
v 0.149000 0.868500 0.240500
v 0.151000 0.866500 0.240500
f 3643 3644 3645
v 0.151000 0.866500 0.241500
v 0.149000 0.868500 0.241500
v 0.149000 0.866500 0.243500
f 3646 3647 3648
o Visor_reflection
usemtl reflection
s off
v -0.140000 0.984000 0.242500
v -0.140000 0.994000 0.242500
v -0.140000 0.994000 0.241500
v -0.140000 0.984000 0.241500
f 3649 3650 3651
f 3649 3651 3652
v -0.058000 0.984000 0.241500
v -0.058000 0.994000 0.241500
v -0.058000 0.994000 0.242500
v -0.058000 0.984000 0.242500
f 3653 3654 3655
f 3653 3655 3656
v -0.138000 0.982000 0.241500
v -0.060000 0.982000 0.241500
v -0.060000 0.982000 0.242500
v -0.138000 0.982000 0.242500
f 3657 3658 3659
f 3657 3659 3660
v -0.138000 0.996000 0.242500
v -0.060000 0.996000 0.242500
v -0.060000 0.996000 0.241500
v -0.138000 0.996000 0.241500
f 3661 3662 3663
f 3661 3663 3664
v -0.138000 0.994000 0.239500
v -0.060000 0.994000 0.239500
v -0.060000 0.984000 0.239500
v -0.138000 0.984000 0.239500
f 3665 3666 3667
f 3665 3667 3668
v -0.138000 0.984000 0.244500
v -0.060000 0.984000 0.244500
v -0.060000 0.994000 0.244500
v -0.138000 0.994000 0.244500
f 3669 3670 3671
f 3669 3671 3672
v -0.140000 0.984000 0.241500
v -0.138000 0.982000 0.241500
v -0.138000 0.982000 0.242500
v -0.140000 0.984000 0.242500
f 3673 3674 3675
f 3673 3675 3676
v -0.140000 0.994000 0.242500
v -0.138000 0.996000 0.242500
v -0.138000 0.996000 0.241500
v -0.140000 0.994000 0.241500
f 3677 3678 3679
f 3677 3679 3680
v -0.058000 0.984000 0.242500
v -0.060000 0.982000 0.242500
v -0.060000 0.982000 0.241500
v -0.058000 0.984000 0.241500
f 3681 3682 3683
f 3681 3683 3684
v -0.058000 0.994000 0.241500
v -0.060000 0.996000 0.241500
v -0.060000 0.996000 0.242500
v -0.058000 0.994000 0.242500
f 3685 3686 3687
f 3685 3687 3688
v -0.140000 0.994000 0.241500
v -0.138000 0.994000 0.239500
v -0.138000 0.984000 0.239500
v -0.140000 0.984000 0.241500
f 3689 3690 3691
f 3689 3691 3692
v -0.140000 0.984000 0.242500
v -0.138000 0.984000 0.244500
v -0.138000 0.994000 0.244500
v -0.140000 0.994000 0.242500
f 3693 3694 3695
f 3693 3695 3696
v -0.058000 0.984000 0.241500
v -0.060000 0.984000 0.239500
v -0.060000 0.994000 0.239500
v -0.058000 0.994000 0.241500
f 3697 3698 3699
f 3697 3699 3700
v -0.058000 0.994000 0.242500
v -0.060000 0.994000 0.244500
v -0.060000 0.984000 0.244500
v -0.058000 0.984000 0.242500
f 3701 3702 3703
f 3701 3703 3704
v -0.138000 0.982000 0.241500
v -0.138000 0.984000 0.239500
v -0.060000 0.984000 0.239500
v -0.060000 0.982000 0.241500
f 3705 3706 3707
f 3705 3707 3708
v -0.060000 0.982000 0.242500
v -0.060000 0.984000 0.244500
v -0.138000 0.984000 0.244500
v -0.138000 0.982000 0.242500
f 3709 3710 3711
f 3709 3711 3712
v -0.060000 0.996000 0.241500
v -0.060000 0.994000 0.239500
v -0.138000 0.994000 0.239500
v -0.138000 0.996000 0.241500
f 3713 3714 3715
f 3713 3715 3716
v -0.138000 0.996000 0.242500
v -0.138000 0.994000 0.244500
v -0.060000 0.994000 0.244500
v -0.060000 0.996000 0.242500
f 3717 3718 3719
f 3717 3719 3720
v -0.138000 0.984000 0.239500
v -0.138000 0.982000 0.241500
v -0.140000 0.984000 0.241500
f 3721 3722 3723
v -0.140000 0.984000 0.242500
v -0.138000 0.982000 0.242500
v -0.138000 0.984000 0.244500
f 3724 3725 3726
v -0.140000 0.994000 0.241500
v -0.138000 0.996000 0.241500
v -0.138000 0.994000 0.239500
f 3727 3728 3729
v -0.138000 0.994000 0.244500
v -0.138000 0.996000 0.242500
v -0.140000 0.994000 0.242500
f 3730 3731 3732
v -0.058000 0.984000 0.241500
v -0.060000 0.982000 0.241500
v -0.060000 0.984000 0.239500
f 3733 3734 3735
v -0.060000 0.984000 0.244500
v -0.060000 0.982000 0.242500
v -0.058000 0.984000 0.242500
f 3736 3737 3738
v -0.060000 0.994000 0.239500
v -0.060000 0.996000 0.241500
v -0.058000 0.994000 0.241500
f 3739 3740 3741
v -0.058000 0.994000 0.242500
v -0.060000 0.996000 0.242500
v -0.060000 0.994000 0.244500
f 3742 3743 3744
o Visor_reflection_short
usemtl reflection
s off
v -0.157000 0.963000 0.242500
v -0.157000 0.989000 0.242500
v -0.157000 0.989000 0.241500
v -0.157000 0.963000 0.241500
f 3745 3746 3747
f 3745 3747 3748
v -0.143000 0.963000 0.241500
v -0.143000 0.989000 0.241500
v -0.143000 0.989000 0.242500
v -0.143000 0.963000 0.242500
f 3749 3750 3751
f 3749 3751 3752
v -0.155000 0.961000 0.241500
v -0.145000 0.961000 0.241500
v -0.145000 0.961000 0.242500
v -0.155000 0.961000 0.242500
f 3753 3754 3755
f 3753 3755 3756
v -0.155000 0.991000 0.242500
v -0.145000 0.991000 0.242500
v -0.145000 0.991000 0.241500
v -0.155000 0.991000 0.241500
f 3757 3758 3759
f 3757 3759 3760
v -0.155000 0.989000 0.239500
v -0.145000 0.989000 0.239500
v -0.145000 0.963000 0.239500
v -0.155000 0.963000 0.239500
f 3761 3762 3763
f 3761 3763 3764
v -0.155000 0.963000 0.244500
v -0.145000 0.963000 0.244500
v -0.145000 0.989000 0.244500
v -0.155000 0.989000 0.244500
f 3765 3766 3767
f 3765 3767 3768
v -0.157000 0.963000 0.241500
v -0.155000 0.961000 0.241500
v -0.155000 0.961000 0.242500
v -0.157000 0.963000 0.242500
f 3769 3770 3771
f 3769 3771 3772
v -0.157000 0.989000 0.242500
v -0.155000 0.991000 0.242500
v -0.155000 0.991000 0.241500
v -0.157000 0.989000 0.241500
f 3773 3774 3775
f 3773 3775 3776
v -0.143000 0.963000 0.242500
v -0.145000 0.961000 0.242500
v -0.145000 0.961000 0.241500
v -0.143000 0.963000 0.241500
f 3777 3778 3779
f 3777 3779 3780
v -0.143000 0.989000 0.241500
v -0.145000 0.991000 0.241500
v -0.145000 0.991000 0.242500
v -0.143000 0.989000 0.242500
f 3781 3782 3783
f 3781 3783 3784
v -0.157000 0.989000 0.241500
v -0.155000 0.989000 0.239500
v -0.155000 0.963000 0.239500
v -0.157000 0.963000 0.241500
f 3785 3786 3787
f 3785 3787 3788
v -0.157000 0.963000 0.242500
v -0.155000 0.963000 0.244500
v -0.155000 0.989000 0.244500
v -0.157000 0.989000 0.242500
f 3789 3790 3791
f 3789 3791 3792
v -0.143000 0.963000 0.241500
v -0.145000 0.963000 0.239500
v -0.145000 0.989000 0.239500
v -0.143000 0.989000 0.241500
f 3793 3794 3795
f 3793 3795 3796
v -0.143000 0.989000 0.242500
v -0.145000 0.989000 0.244500
v -0.145000 0.963000 0.244500
v -0.143000 0.963000 0.242500
f 3797 3798 3799
f 3797 3799 3800
v -0.155000 0.961000 0.241500
v -0.155000 0.963000 0.239500
v -0.145000 0.963000 0.239500
v -0.145000 0.961000 0.241500
f 3801 3802 3803
f 3801 3803 3804
v -0.145000 0.961000 0.242500
v -0.145000 0.963000 0.244500
v -0.155000 0.963000 0.244500
v -0.155000 0.961000 0.242500
f 3805 3806 3807
f 3805 3807 3808
v -0.145000 0.991000 0.241500
v -0.145000 0.989000 0.239500
v -0.155000 0.989000 0.239500
v -0.155000 0.991000 0.241500
f 3809 3810 3811
f 3809 3811 3812
v -0.155000 0.991000 0.242500
v -0.155000 0.989000 0.244500
v -0.145000 0.989000 0.244500
v -0.145000 0.991000 0.242500
f 3813 3814 3815
f 3813 3815 3816
v -0.155000 0.963000 0.239500
v -0.155000 0.961000 0.241500
v -0.157000 0.963000 0.241500
f 3817 3818 3819
v -0.157000 0.963000 0.242500
v -0.155000 0.961000 0.242500
v -0.155000 0.963000 0.244500
f 3820 3821 3822
v -0.157000 0.989000 0.241500
v -0.155000 0.991000 0.241500
v -0.155000 0.989000 0.239500
f 3823 3824 3825
v -0.155000 0.989000 0.244500
v -0.155000 0.991000 0.242500
v -0.157000 0.989000 0.242500
f 3826 3827 3828
v -0.143000 0.963000 0.241500
v -0.145000 0.961000 0.241500
v -0.145000 0.963000 0.239500
f 3829 3830 3831
v -0.145000 0.963000 0.244500
v -0.145000 0.961000 0.242500
v -0.143000 0.963000 0.242500
f 3832 3833 3834
v -0.145000 0.989000 0.239500
v -0.145000 0.991000 0.241500
v -0.143000 0.989000 0.241500
f 3835 3836 3837
v -0.143000 0.989000 0.242500
v -0.145000 0.991000 0.242500
v -0.145000 0.989000 0.244500
f 3838 3839 3840
o Helmet_chin
usemtl porcelain
s off
v -0.126500 0.781500 0.210000
v -0.126500 0.800500 0.210000
v -0.126500 0.800500 0.156000
v -0.126500 0.781500 0.156000
f 3841 3842 3843
f 3841 3843 3844
v 0.126500 0.781500 0.156000
v 0.126500 0.800500 0.156000
v 0.126500 0.800500 0.210000
v 0.126500 0.781500 0.210000
f 3845 3846 3847
f 3845 3847 3848
v -0.115500 0.770500 0.156000
v 0.115500 0.770500 0.156000
v 0.115500 0.770500 0.210000
v -0.115500 0.770500 0.210000
f 3849 3850 3851
f 3849 3851 3852
v -0.115500 0.811500 0.210000
v 0.115500 0.811500 0.210000
v 0.115500 0.811500 0.156000
v -0.115500 0.811500 0.156000
f 3853 3854 3855
f 3853 3855 3856
v -0.115500 0.800500 0.145000
v 0.115500 0.800500 0.145000
v 0.115500 0.781500 0.145000
v -0.115500 0.781500 0.145000
f 3857 3858 3859
f 3857 3859 3860
v -0.115500 0.781500 0.221000
v 0.115500 0.781500 0.221000
v 0.115500 0.800500 0.221000
v -0.115500 0.800500 0.221000
f 3861 3862 3863
f 3861 3863 3864
v -0.126500 0.781500 0.156000
v -0.115500 0.770500 0.156000
v -0.115500 0.770500 0.210000
v -0.126500 0.781500 0.210000
f 3865 3866 3867
f 3865 3867 3868
v -0.126500 0.800500 0.210000
v -0.115500 0.811500 0.210000
v -0.115500 0.811500 0.156000
v -0.126500 0.800500 0.156000
f 3869 3870 3871
f 3869 3871 3872
v 0.126500 0.781500 0.210000
v 0.115500 0.770500 0.210000
v 0.115500 0.770500 0.156000
v 0.126500 0.781500 0.156000
f 3873 3874 3875
f 3873 3875 3876
v 0.126500 0.800500 0.156000
v 0.115500 0.811500 0.156000
v 0.115500 0.811500 0.210000
v 0.126500 0.800500 0.210000
f 3877 3878 3879
f 3877 3879 3880
v -0.126500 0.800500 0.156000
v -0.115500 0.800500 0.145000
v -0.115500 0.781500 0.145000
v -0.126500 0.781500 0.156000
f 3881 3882 3883
f 3881 3883 3884
v -0.126500 0.781500 0.210000
v -0.115500 0.781500 0.221000
v -0.115500 0.800500 0.221000
v -0.126500 0.800500 0.210000
f 3885 3886 3887
f 3885 3887 3888
v 0.126500 0.781500 0.156000
v 0.115500 0.781500 0.145000
v 0.115500 0.800500 0.145000
v 0.126500 0.800500 0.156000
f 3889 3890 3891
f 3889 3891 3892
v 0.126500 0.800500 0.210000
v 0.115500 0.800500 0.221000
v 0.115500 0.781500 0.221000
v 0.126500 0.781500 0.210000
f 3893 3894 3895
f 3893 3895 3896
v -0.115500 0.770500 0.156000
v -0.115500 0.781500 0.145000
v 0.115500 0.781500 0.145000
v 0.115500 0.770500 0.156000
f 3897 3898 3899
f 3897 3899 3900
v 0.115500 0.770500 0.210000
v 0.115500 0.781500 0.221000
v -0.115500 0.781500 0.221000
v -0.115500 0.770500 0.210000
f 3901 3902 3903
f 3901 3903 3904
v 0.115500 0.811500 0.156000
v 0.115500 0.800500 0.145000
v -0.115500 0.800500 0.145000
v -0.115500 0.811500 0.156000
f 3905 3906 3907
f 3905 3907 3908
v -0.115500 0.811500 0.210000
v -0.115500 0.800500 0.221000
v 0.115500 0.800500 0.221000
v 0.115500 0.811500 0.210000
f 3909 3910 3911
f 3909 3911 3912
v -0.115500 0.781500 0.145000
v -0.115500 0.770500 0.156000
v -0.126500 0.781500 0.156000
f 3913 3914 3915
v -0.126500 0.781500 0.210000
v -0.115500 0.770500 0.210000
v -0.115500 0.781500 0.221000
f 3916 3917 3918
v -0.126500 0.800500 0.156000
v -0.115500 0.811500 0.156000
v -0.115500 0.800500 0.145000
f 3919 3920 3921
v -0.115500 0.800500 0.221000
v -0.115500 0.811500 0.210000
v -0.126500 0.800500 0.210000
f 3922 3923 3924
v 0.126500 0.781500 0.156000
v 0.115500 0.770500 0.156000
v 0.115500 0.781500 0.145000
f 3925 3926 3927
v 0.115500 0.781500 0.221000
v 0.115500 0.770500 0.210000
v 0.126500 0.781500 0.210000
f 3928 3929 3930
v 0.115500 0.800500 0.145000
v 0.115500 0.811500 0.156000
v 0.126500 0.800500 0.156000
f 3931 3932 3933
v 0.126500 0.800500 0.210000
v 0.115500 0.811500 0.210000
v 0.115500 0.800500 0.221000
f 3934 3935 3936
o Left_helmet_lock
usemtl graphite
s off
v -0.252000 0.841500 0.084500
v -0.252000 0.934500 0.084500
v -0.252000 0.934500 -0.014500
v -0.252000 0.841500 -0.014500
f 3937 3938 3939
f 3937 3939 3940
v -0.218000 0.841500 -0.014500
v -0.218000 0.934500 -0.014500
v -0.218000 0.934500 0.084500
v -0.218000 0.841500 0.084500
f 3941 3942 3943
f 3941 3943 3944
v -0.239000 0.828500 -0.014500
v -0.231000 0.828500 -0.014500
v -0.231000 0.828500 0.084500
v -0.239000 0.828500 0.084500
f 3945 3946 3947
f 3945 3947 3948
v -0.239000 0.947500 0.084500
v -0.231000 0.947500 0.084500
v -0.231000 0.947500 -0.014500
v -0.239000 0.947500 -0.014500
f 3949 3950 3951
f 3949 3951 3952
v -0.239000 0.934500 -0.027500
v -0.231000 0.934500 -0.027500
v -0.231000 0.841500 -0.027500
v -0.239000 0.841500 -0.027500
f 3953 3954 3955
f 3953 3955 3956
v -0.239000 0.841500 0.097500
v -0.231000 0.841500 0.097500
v -0.231000 0.934500 0.097500
v -0.239000 0.934500 0.097500
f 3957 3958 3959
f 3957 3959 3960
v -0.252000 0.841500 -0.014500
v -0.239000 0.828500 -0.014500
v -0.239000 0.828500 0.084500
v -0.252000 0.841500 0.084500
f 3961 3962 3963
f 3961 3963 3964
v -0.252000 0.934500 0.084500
v -0.239000 0.947500 0.084500
v -0.239000 0.947500 -0.014500
v -0.252000 0.934500 -0.014500
f 3965 3966 3967
f 3965 3967 3968
v -0.218000 0.841500 0.084500
v -0.231000 0.828500 0.084500
v -0.231000 0.828500 -0.014500
v -0.218000 0.841500 -0.014500
f 3969 3970 3971
f 3969 3971 3972
v -0.218000 0.934500 -0.014500
v -0.231000 0.947500 -0.014500
v -0.231000 0.947500 0.084500
v -0.218000 0.934500 0.084500
f 3973 3974 3975
f 3973 3975 3976
v -0.252000 0.934500 -0.014500
v -0.239000 0.934500 -0.027500
v -0.239000 0.841500 -0.027500
v -0.252000 0.841500 -0.014500
f 3977 3978 3979
f 3977 3979 3980
v -0.252000 0.841500 0.084500
v -0.239000 0.841500 0.097500
v -0.239000 0.934500 0.097500
v -0.252000 0.934500 0.084500
f 3981 3982 3983
f 3981 3983 3984
v -0.218000 0.841500 -0.014500
v -0.231000 0.841500 -0.027500
v -0.231000 0.934500 -0.027500
v -0.218000 0.934500 -0.014500
f 3985 3986 3987
f 3985 3987 3988
v -0.218000 0.934500 0.084500
v -0.231000 0.934500 0.097500
v -0.231000 0.841500 0.097500
v -0.218000 0.841500 0.084500
f 3989 3990 3991
f 3989 3991 3992
v -0.239000 0.828500 -0.014500
v -0.239000 0.841500 -0.027500
v -0.231000 0.841500 -0.027500
v -0.231000 0.828500 -0.014500
f 3993 3994 3995
f 3993 3995 3996
v -0.231000 0.828500 0.084500
v -0.231000 0.841500 0.097500
v -0.239000 0.841500 0.097500
v -0.239000 0.828500 0.084500
f 3997 3998 3999
f 3997 3999 4000
v -0.231000 0.947500 -0.014500
v -0.231000 0.934500 -0.027500
v -0.239000 0.934500 -0.027500
v -0.239000 0.947500 -0.014500
f 4001 4002 4003
f 4001 4003 4004
v -0.239000 0.947500 0.084500
v -0.239000 0.934500 0.097500
v -0.231000 0.934500 0.097500
v -0.231000 0.947500 0.084500
f 4005 4006 4007
f 4005 4007 4008
v -0.239000 0.841500 -0.027500
v -0.239000 0.828500 -0.014500
v -0.252000 0.841500 -0.014500
f 4009 4010 4011
v -0.252000 0.841500 0.084500
v -0.239000 0.828500 0.084500
v -0.239000 0.841500 0.097500
f 4012 4013 4014
v -0.252000 0.934500 -0.014500
v -0.239000 0.947500 -0.014500
v -0.239000 0.934500 -0.027500
f 4015 4016 4017
v -0.239000 0.934500 0.097500
v -0.239000 0.947500 0.084500
v -0.252000 0.934500 0.084500
f 4018 4019 4020
v -0.218000 0.841500 -0.014500
v -0.231000 0.828500 -0.014500
v -0.231000 0.841500 -0.027500
f 4021 4022 4023
v -0.231000 0.841500 0.097500
v -0.231000 0.828500 0.084500
v -0.218000 0.841500 0.084500
f 4024 4025 4026
v -0.231000 0.934500 -0.027500
v -0.231000 0.947500 -0.014500
v -0.218000 0.934500 -0.014500
f 4027 4028 4029
v -0.218000 0.934500 0.084500
v -0.231000 0.947500 0.084500
v -0.231000 0.934500 0.097500
f 4030 4031 4032
o Left_helmet_lock_cap
usemtl fabric
s off
v -0.261000 0.868450 0.068050
v -0.261000 0.923550 0.068050
v -0.261000 0.923550 0.001950
v -0.261000 0.868450 0.001950
f 4033 4034 4035
f 4033 4035 4036
v -0.247000 0.868450 0.001950
v -0.247000 0.923550 0.001950
v -0.247000 0.923550 0.068050
v -0.247000 0.868450 0.068050
f 4037 4038 4039
f 4037 4039 4040
v -0.255050 0.862500 0.001950
v -0.252950 0.862500 0.001950
v -0.252950 0.862500 0.068050
v -0.255050 0.862500 0.068050
f 4041 4042 4043
f 4041 4043 4044
v -0.255050 0.929500 0.068050
v -0.252950 0.929500 0.068050
v -0.252950 0.929500 0.001950
v -0.255050 0.929500 0.001950
f 4045 4046 4047
f 4045 4047 4048
v -0.255050 0.923550 -0.004000
v -0.252950 0.923550 -0.004000
v -0.252950 0.868450 -0.004000
v -0.255050 0.868450 -0.004000
f 4049 4050 4051
f 4049 4051 4052
v -0.255050 0.868450 0.074000
v -0.252950 0.868450 0.074000
v -0.252950 0.923550 0.074000
v -0.255050 0.923550 0.074000
f 4053 4054 4055
f 4053 4055 4056
v -0.261000 0.868450 0.001950
v -0.255050 0.862500 0.001950
v -0.255050 0.862500 0.068050
v -0.261000 0.868450 0.068050
f 4057 4058 4059
f 4057 4059 4060
v -0.261000 0.923550 0.068050
v -0.255050 0.929500 0.068050
v -0.255050 0.929500 0.001950
v -0.261000 0.923550 0.001950
f 4061 4062 4063
f 4061 4063 4064
v -0.247000 0.868450 0.068050
v -0.252950 0.862500 0.068050
v -0.252950 0.862500 0.001950
v -0.247000 0.868450 0.001950
f 4065 4066 4067
f 4065 4067 4068
v -0.247000 0.923550 0.001950
v -0.252950 0.929500 0.001950
v -0.252950 0.929500 0.068050
v -0.247000 0.923550 0.068050
f 4069 4070 4071
f 4069 4071 4072
v -0.261000 0.923550 0.001950
v -0.255050 0.923550 -0.004000
v -0.255050 0.868450 -0.004000
v -0.261000 0.868450 0.001950
f 4073 4074 4075
f 4073 4075 4076
v -0.261000 0.868450 0.068050
v -0.255050 0.868450 0.074000
v -0.255050 0.923550 0.074000
v -0.261000 0.923550 0.068050
f 4077 4078 4079
f 4077 4079 4080
v -0.247000 0.868450 0.001950
v -0.252950 0.868450 -0.004000
v -0.252950 0.923550 -0.004000
v -0.247000 0.923550 0.001950
f 4081 4082 4083
f 4081 4083 4084
v -0.247000 0.923550 0.068050
v -0.252950 0.923550 0.074000
v -0.252950 0.868450 0.074000
v -0.247000 0.868450 0.068050
f 4085 4086 4087
f 4085 4087 4088
v -0.255050 0.862500 0.001950
v -0.255050 0.868450 -0.004000
v -0.252950 0.868450 -0.004000
v -0.252950 0.862500 0.001950
f 4089 4090 4091
f 4089 4091 4092
v -0.252950 0.862500 0.068050
v -0.252950 0.868450 0.074000
v -0.255050 0.868450 0.074000
v -0.255050 0.862500 0.068050
f 4093 4094 4095
f 4093 4095 4096
v -0.252950 0.929500 0.001950
v -0.252950 0.923550 -0.004000
v -0.255050 0.923550 -0.004000
v -0.255050 0.929500 0.001950
f 4097 4098 4099
f 4097 4099 4100
v -0.255050 0.929500 0.068050
v -0.255050 0.923550 0.074000
v -0.252950 0.923550 0.074000
v -0.252950 0.929500 0.068050
f 4101 4102 4103
f 4101 4103 4104
v -0.255050 0.868450 -0.004000
v -0.255050 0.862500 0.001950
v -0.261000 0.868450 0.001950
f 4105 4106 4107
v -0.261000 0.868450 0.068050
v -0.255050 0.862500 0.068050
v -0.255050 0.868450 0.074000
f 4108 4109 4110
v -0.261000 0.923550 0.001950
v -0.255050 0.929500 0.001950
v -0.255050 0.923550 -0.004000
f 4111 4112 4113
v -0.255050 0.923550 0.074000
v -0.255050 0.929500 0.068050
v -0.261000 0.923550 0.068050
f 4114 4115 4116
v -0.247000 0.868450 0.001950
v -0.252950 0.862500 0.001950
v -0.252950 0.868450 -0.004000
f 4117 4118 4119
v -0.252950 0.868450 0.074000
v -0.252950 0.862500 0.068050
v -0.247000 0.868450 0.068050
f 4120 4121 4122
v -0.252950 0.923550 -0.004000
v -0.252950 0.929500 0.001950
v -0.247000 0.923550 0.001950
f 4123 4124 4125
v -0.247000 0.923550 0.068050
v -0.252950 0.929500 0.068050
v -0.252950 0.923550 0.074000
f 4126 4127 4128
o Right_helmet_lock
usemtl graphite
s off
v 0.218000 0.841500 0.084500
v 0.218000 0.934500 0.084500
v 0.218000 0.934500 -0.014500
v 0.218000 0.841500 -0.014500
f 4129 4130 4131
f 4129 4131 4132
v 0.252000 0.841500 -0.014500
v 0.252000 0.934500 -0.014500
v 0.252000 0.934500 0.084500
v 0.252000 0.841500 0.084500
f 4133 4134 4135
f 4133 4135 4136
v 0.231000 0.828500 -0.014500
v 0.239000 0.828500 -0.014500
v 0.239000 0.828500 0.084500
v 0.231000 0.828500 0.084500
f 4137 4138 4139
f 4137 4139 4140
v 0.231000 0.947500 0.084500
v 0.239000 0.947500 0.084500
v 0.239000 0.947500 -0.014500
v 0.231000 0.947500 -0.014500
f 4141 4142 4143
f 4141 4143 4144
v 0.231000 0.934500 -0.027500
v 0.239000 0.934500 -0.027500
v 0.239000 0.841500 -0.027500
v 0.231000 0.841500 -0.027500
f 4145 4146 4147
f 4145 4147 4148
v 0.231000 0.841500 0.097500
v 0.239000 0.841500 0.097500
v 0.239000 0.934500 0.097500
v 0.231000 0.934500 0.097500
f 4149 4150 4151
f 4149 4151 4152
v 0.218000 0.841500 -0.014500
v 0.231000 0.828500 -0.014500
v 0.231000 0.828500 0.084500
v 0.218000 0.841500 0.084500
f 4153 4154 4155
f 4153 4155 4156
v 0.218000 0.934500 0.084500
v 0.231000 0.947500 0.084500
v 0.231000 0.947500 -0.014500
v 0.218000 0.934500 -0.014500
f 4157 4158 4159
f 4157 4159 4160
v 0.252000 0.841500 0.084500
v 0.239000 0.828500 0.084500
v 0.239000 0.828500 -0.014500
v 0.252000 0.841500 -0.014500
f 4161 4162 4163
f 4161 4163 4164
v 0.252000 0.934500 -0.014500
v 0.239000 0.947500 -0.014500
v 0.239000 0.947500 0.084500
v 0.252000 0.934500 0.084500
f 4165 4166 4167
f 4165 4167 4168
v 0.218000 0.934500 -0.014500
v 0.231000 0.934500 -0.027500
v 0.231000 0.841500 -0.027500
v 0.218000 0.841500 -0.014500
f 4169 4170 4171
f 4169 4171 4172
v 0.218000 0.841500 0.084500
v 0.231000 0.841500 0.097500
v 0.231000 0.934500 0.097500
v 0.218000 0.934500 0.084500
f 4173 4174 4175
f 4173 4175 4176
v 0.252000 0.841500 -0.014500
v 0.239000 0.841500 -0.027500
v 0.239000 0.934500 -0.027500
v 0.252000 0.934500 -0.014500
f 4177 4178 4179
f 4177 4179 4180
v 0.252000 0.934500 0.084500
v 0.239000 0.934500 0.097500
v 0.239000 0.841500 0.097500
v 0.252000 0.841500 0.084500
f 4181 4182 4183
f 4181 4183 4184
v 0.231000 0.828500 -0.014500
v 0.231000 0.841500 -0.027500
v 0.239000 0.841500 -0.027500
v 0.239000 0.828500 -0.014500
f 4185 4186 4187
f 4185 4187 4188
v 0.239000 0.828500 0.084500
v 0.239000 0.841500 0.097500
v 0.231000 0.841500 0.097500
v 0.231000 0.828500 0.084500
f 4189 4190 4191
f 4189 4191 4192
v 0.239000 0.947500 -0.014500
v 0.239000 0.934500 -0.027500
v 0.231000 0.934500 -0.027500
v 0.231000 0.947500 -0.014500
f 4193 4194 4195
f 4193 4195 4196
v 0.231000 0.947500 0.084500
v 0.231000 0.934500 0.097500
v 0.239000 0.934500 0.097500
v 0.239000 0.947500 0.084500
f 4197 4198 4199
f 4197 4199 4200
v 0.231000 0.841500 -0.027500
v 0.231000 0.828500 -0.014500
v 0.218000 0.841500 -0.014500
f 4201 4202 4203
v 0.218000 0.841500 0.084500
v 0.231000 0.828500 0.084500
v 0.231000 0.841500 0.097500
f 4204 4205 4206
v 0.218000 0.934500 -0.014500
v 0.231000 0.947500 -0.014500
v 0.231000 0.934500 -0.027500
f 4207 4208 4209
v 0.231000 0.934500 0.097500
v 0.231000 0.947500 0.084500
v 0.218000 0.934500 0.084500
f 4210 4211 4212
v 0.252000 0.841500 -0.014500
v 0.239000 0.828500 -0.014500
v 0.239000 0.841500 -0.027500
f 4213 4214 4215
v 0.239000 0.841500 0.097500
v 0.239000 0.828500 0.084500
v 0.252000 0.841500 0.084500
f 4216 4217 4218
v 0.239000 0.934500 -0.027500
v 0.239000 0.947500 -0.014500
v 0.252000 0.934500 -0.014500
f 4219 4220 4221
v 0.252000 0.934500 0.084500
v 0.239000 0.947500 0.084500
v 0.239000 0.934500 0.097500
f 4222 4223 4224
o Right_helmet_lock_cap
usemtl fabric
s off
v 0.247000 0.868450 0.068050
v 0.247000 0.923550 0.068050
v 0.247000 0.923550 0.001950
v 0.247000 0.868450 0.001950
f 4225 4226 4227
f 4225 4227 4228
v 0.261000 0.868450 0.001950
v 0.261000 0.923550 0.001950
v 0.261000 0.923550 0.068050
v 0.261000 0.868450 0.068050
f 4229 4230 4231
f 4229 4231 4232
v 0.252950 0.862500 0.001950
v 0.255050 0.862500 0.001950
v 0.255050 0.862500 0.068050
v 0.252950 0.862500 0.068050
f 4233 4234 4235
f 4233 4235 4236
v 0.252950 0.929500 0.068050
v 0.255050 0.929500 0.068050
v 0.255050 0.929500 0.001950
v 0.252950 0.929500 0.001950
f 4237 4238 4239
f 4237 4239 4240
v 0.252950 0.923550 -0.004000
v 0.255050 0.923550 -0.004000
v 0.255050 0.868450 -0.004000
v 0.252950 0.868450 -0.004000
f 4241 4242 4243
f 4241 4243 4244
v 0.252950 0.868450 0.074000
v 0.255050 0.868450 0.074000
v 0.255050 0.923550 0.074000
v 0.252950 0.923550 0.074000
f 4245 4246 4247
f 4245 4247 4248
v 0.247000 0.868450 0.001950
v 0.252950 0.862500 0.001950
v 0.252950 0.862500 0.068050
v 0.247000 0.868450 0.068050
f 4249 4250 4251
f 4249 4251 4252
v 0.247000 0.923550 0.068050
v 0.252950 0.929500 0.068050
v 0.252950 0.929500 0.001950
v 0.247000 0.923550 0.001950
f 4253 4254 4255
f 4253 4255 4256
v 0.261000 0.868450 0.068050
v 0.255050 0.862500 0.068050
v 0.255050 0.862500 0.001950
v 0.261000 0.868450 0.001950
f 4257 4258 4259
f 4257 4259 4260
v 0.261000 0.923550 0.001950
v 0.255050 0.929500 0.001950
v 0.255050 0.929500 0.068050
v 0.261000 0.923550 0.068050
f 4261 4262 4263
f 4261 4263 4264
v 0.247000 0.923550 0.001950
v 0.252950 0.923550 -0.004000
v 0.252950 0.868450 -0.004000
v 0.247000 0.868450 0.001950
f 4265 4266 4267
f 4265 4267 4268
v 0.247000 0.868450 0.068050
v 0.252950 0.868450 0.074000
v 0.252950 0.923550 0.074000
v 0.247000 0.923550 0.068050
f 4269 4270 4271
f 4269 4271 4272
v 0.261000 0.868450 0.001950
v 0.255050 0.868450 -0.004000
v 0.255050 0.923550 -0.004000
v 0.261000 0.923550 0.001950
f 4273 4274 4275
f 4273 4275 4276
v 0.261000 0.923550 0.068050
v 0.255050 0.923550 0.074000
v 0.255050 0.868450 0.074000
v 0.261000 0.868450 0.068050
f 4277 4278 4279
f 4277 4279 4280
v 0.252950 0.862500 0.001950
v 0.252950 0.868450 -0.004000
v 0.255050 0.868450 -0.004000
v 0.255050 0.862500 0.001950
f 4281 4282 4283
f 4281 4283 4284
v 0.255050 0.862500 0.068050
v 0.255050 0.868450 0.074000
v 0.252950 0.868450 0.074000
v 0.252950 0.862500 0.068050
f 4285 4286 4287
f 4285 4287 4288
v 0.255050 0.929500 0.001950
v 0.255050 0.923550 -0.004000
v 0.252950 0.923550 -0.004000
v 0.252950 0.929500 0.001950
f 4289 4290 4291
f 4289 4291 4292
v 0.252950 0.929500 0.068050
v 0.252950 0.923550 0.074000
v 0.255050 0.923550 0.074000
v 0.255050 0.929500 0.068050
f 4293 4294 4295
f 4293 4295 4296
v 0.252950 0.868450 -0.004000
v 0.252950 0.862500 0.001950
v 0.247000 0.868450 0.001950
f 4297 4298 4299
v 0.247000 0.868450 0.068050
v 0.252950 0.862500 0.068050
v 0.252950 0.868450 0.074000
f 4300 4301 4302
v 0.247000 0.923550 0.001950
v 0.252950 0.929500 0.001950
v 0.252950 0.923550 -0.004000
f 4303 4304 4305
v 0.252950 0.923550 0.074000
v 0.252950 0.929500 0.068050
v 0.247000 0.923550 0.068050
f 4306 4307 4308
v 0.261000 0.868450 0.001950
v 0.255050 0.862500 0.001950
v 0.255050 0.868450 -0.004000
f 4309 4310 4311
v 0.255050 0.868450 0.074000
v 0.255050 0.862500 0.068050
v 0.261000 0.868450 0.068050
f 4312 4313 4314
v 0.255050 0.923550 -0.004000
v 0.255050 0.929500 0.001950
v 0.261000 0.923550 0.001950
f 4315 4316 4317
v 0.261000 0.923550 0.068050
v 0.255050 0.929500 0.068050
v 0.255050 0.923550 0.074000
f 4318 4319 4320
o Chest_console_frame
usemtl graphite
s off
v -0.110000 0.524500 0.183500
v -0.110000 0.631500 0.183500
v -0.110000 0.631500 0.166500
v -0.110000 0.524500 0.166500
f 4321 4322 4323
f 4321 4323 4324
v 0.074000 0.524500 0.166500
v 0.074000 0.631500 0.166500
v 0.074000 0.631500 0.183500
v 0.074000 0.524500 0.183500
f 4325 4326 4327
f 4325 4327 4328
v -0.096000 0.510500 0.166500
v 0.060000 0.510500 0.166500
v 0.060000 0.510500 0.183500
v -0.096000 0.510500 0.183500
f 4329 4330 4331
f 4329 4331 4332
v -0.096000 0.645500 0.183500
v 0.060000 0.645500 0.183500
v 0.060000 0.645500 0.166500
v -0.096000 0.645500 0.166500
f 4333 4334 4335
f 4333 4335 4336
v -0.096000 0.631500 0.152500
v 0.060000 0.631500 0.152500
v 0.060000 0.524500 0.152500
v -0.096000 0.524500 0.152500
f 4337 4338 4339
f 4337 4339 4340
v -0.096000 0.524500 0.197500
v 0.060000 0.524500 0.197500
v 0.060000 0.631500 0.197500
v -0.096000 0.631500 0.197500
f 4341 4342 4343
f 4341 4343 4344
v -0.110000 0.524500 0.166500
v -0.096000 0.510500 0.166500
v -0.096000 0.510500 0.183500
v -0.110000 0.524500 0.183500
f 4345 4346 4347
f 4345 4347 4348
v -0.110000 0.631500 0.183500
v -0.096000 0.645500 0.183500
v -0.096000 0.645500 0.166500
v -0.110000 0.631500 0.166500
f 4349 4350 4351
f 4349 4351 4352
v 0.074000 0.524500 0.183500
v 0.060000 0.510500 0.183500
v 0.060000 0.510500 0.166500
v 0.074000 0.524500 0.166500
f 4353 4354 4355
f 4353 4355 4356
v 0.074000 0.631500 0.166500
v 0.060000 0.645500 0.166500
v 0.060000 0.645500 0.183500
v 0.074000 0.631500 0.183500
f 4357 4358 4359
f 4357 4359 4360
v -0.110000 0.631500 0.166500
v -0.096000 0.631500 0.152500
v -0.096000 0.524500 0.152500
v -0.110000 0.524500 0.166500
f 4361 4362 4363
f 4361 4363 4364
v -0.110000 0.524500 0.183500
v -0.096000 0.524500 0.197500
v -0.096000 0.631500 0.197500
v -0.110000 0.631500 0.183500
f 4365 4366 4367
f 4365 4367 4368
v 0.074000 0.524500 0.166500
v 0.060000 0.524500 0.152500
v 0.060000 0.631500 0.152500
v 0.074000 0.631500 0.166500
f 4369 4370 4371
f 4369 4371 4372
v 0.074000 0.631500 0.183500
v 0.060000 0.631500 0.197500
v 0.060000 0.524500 0.197500
v 0.074000 0.524500 0.183500
f 4373 4374 4375
f 4373 4375 4376
v -0.096000 0.510500 0.166500
v -0.096000 0.524500 0.152500
v 0.060000 0.524500 0.152500
v 0.060000 0.510500 0.166500
f 4377 4378 4379
f 4377 4379 4380
v 0.060000 0.510500 0.183500
v 0.060000 0.524500 0.197500
v -0.096000 0.524500 0.197500
v -0.096000 0.510500 0.183500
f 4381 4382 4383
f 4381 4383 4384
v 0.060000 0.645500 0.166500
v 0.060000 0.631500 0.152500
v -0.096000 0.631500 0.152500
v -0.096000 0.645500 0.166500
f 4385 4386 4387
f 4385 4387 4388
v -0.096000 0.645500 0.183500
v -0.096000 0.631500 0.197500
v 0.060000 0.631500 0.197500
v 0.060000 0.645500 0.183500
f 4389 4390 4391
f 4389 4391 4392
v -0.096000 0.524500 0.152500
v -0.096000 0.510500 0.166500
v -0.110000 0.524500 0.166500
f 4393 4394 4395
v -0.110000 0.524500 0.183500
v -0.096000 0.510500 0.183500
v -0.096000 0.524500 0.197500
f 4396 4397 4398
v -0.110000 0.631500 0.166500
v -0.096000 0.645500 0.166500
v -0.096000 0.631500 0.152500
f 4399 4400 4401
v -0.096000 0.631500 0.197500
v -0.096000 0.645500 0.183500
v -0.110000 0.631500 0.183500
f 4402 4403 4404
v 0.074000 0.524500 0.166500
v 0.060000 0.510500 0.166500
v 0.060000 0.524500 0.152500
f 4405 4406 4407
v 0.060000 0.524500 0.197500
v 0.060000 0.510500 0.183500
v 0.074000 0.524500 0.183500
f 4408 4409 4410
v 0.060000 0.631500 0.152500
v 0.060000 0.645500 0.166500
v 0.074000 0.631500 0.166500
f 4411 4412 4413
v 0.074000 0.631500 0.183500
v 0.060000 0.645500 0.183500
v 0.060000 0.631500 0.197500
f 4414 4415 4416
o Chest_console
usemtl ivory
s off
v -0.093000 0.539300 0.201200
v -0.093000 0.626700 0.201200
v -0.093000 0.626700 0.198800
v -0.093000 0.539300 0.198800
f 4417 4418 4419
f 4417 4419 4420
v 0.057000 0.539300 0.198800
v 0.057000 0.626700 0.198800
v 0.057000 0.626700 0.201200
v 0.057000 0.539300 0.201200
f 4421 4422 4423
f 4421 4423 4424
v -0.086200 0.532500 0.198800
v 0.050200 0.532500 0.198800
v 0.050200 0.532500 0.201200
v -0.086200 0.532500 0.201200
f 4425 4426 4427
f 4425 4427 4428
v -0.086200 0.633500 0.201200
v 0.050200 0.633500 0.201200
v 0.050200 0.633500 0.198800
v -0.086200 0.633500 0.198800
f 4429 4430 4431
f 4429 4431 4432
v -0.086200 0.626700 0.192000
v 0.050200 0.626700 0.192000
v 0.050200 0.539300 0.192000
v -0.086200 0.539300 0.192000
f 4433 4434 4435
f 4433 4435 4436
v -0.086200 0.539300 0.208000
v 0.050200 0.539300 0.208000
v 0.050200 0.626700 0.208000
v -0.086200 0.626700 0.208000
f 4437 4438 4439
f 4437 4439 4440
v -0.093000 0.539300 0.198800
v -0.086200 0.532500 0.198800
v -0.086200 0.532500 0.201200
v -0.093000 0.539300 0.201200
f 4441 4442 4443
f 4441 4443 4444
v -0.093000 0.626700 0.201200
v -0.086200 0.633500 0.201200
v -0.086200 0.633500 0.198800
v -0.093000 0.626700 0.198800
f 4445 4446 4447
f 4445 4447 4448
v 0.057000 0.539300 0.201200
v 0.050200 0.532500 0.201200
v 0.050200 0.532500 0.198800
v 0.057000 0.539300 0.198800
f 4449 4450 4451
f 4449 4451 4452
v 0.057000 0.626700 0.198800
v 0.050200 0.633500 0.198800
v 0.050200 0.633500 0.201200
v 0.057000 0.626700 0.201200
f 4453 4454 4455
f 4453 4455 4456
v -0.093000 0.626700 0.198800
v -0.086200 0.626700 0.192000
v -0.086200 0.539300 0.192000
v -0.093000 0.539300 0.198800
f 4457 4458 4459
f 4457 4459 4460
v -0.093000 0.539300 0.201200
v -0.086200 0.539300 0.208000
v -0.086200 0.626700 0.208000
v -0.093000 0.626700 0.201200
f 4461 4462 4463
f 4461 4463 4464
v 0.057000 0.539300 0.198800
v 0.050200 0.539300 0.192000
v 0.050200 0.626700 0.192000
v 0.057000 0.626700 0.198800
f 4465 4466 4467
f 4465 4467 4468
v 0.057000 0.626700 0.201200
v 0.050200 0.626700 0.208000
v 0.050200 0.539300 0.208000
v 0.057000 0.539300 0.201200
f 4469 4470 4471
f 4469 4471 4472
v -0.086200 0.532500 0.198800
v -0.086200 0.539300 0.192000
v 0.050200 0.539300 0.192000
v 0.050200 0.532500 0.198800
f 4473 4474 4475
f 4473 4475 4476
v 0.050200 0.532500 0.201200
v 0.050200 0.539300 0.208000
v -0.086200 0.539300 0.208000
v -0.086200 0.532500 0.201200
f 4477 4478 4479
f 4477 4479 4480
v 0.050200 0.633500 0.198800
v 0.050200 0.626700 0.192000
v -0.086200 0.626700 0.192000
v -0.086200 0.633500 0.198800
f 4481 4482 4483
f 4481 4483 4484
v -0.086200 0.633500 0.201200
v -0.086200 0.626700 0.208000
v 0.050200 0.626700 0.208000
v 0.050200 0.633500 0.201200
f 4485 4486 4487
f 4485 4487 4488
v -0.086200 0.539300 0.192000
v -0.086200 0.532500 0.198800
v -0.093000 0.539300 0.198800
f 4489 4490 4491
v -0.093000 0.539300 0.201200
v -0.086200 0.532500 0.201200
v -0.086200 0.539300 0.208000
f 4492 4493 4494
v -0.093000 0.626700 0.198800
v -0.086200 0.633500 0.198800
v -0.086200 0.626700 0.192000
f 4495 4496 4497
v -0.086200 0.626700 0.208000
v -0.086200 0.633500 0.201200
v -0.093000 0.626700 0.201200
f 4498 4499 4500
v 0.057000 0.539300 0.198800
v 0.050200 0.532500 0.198800
v 0.050200 0.539300 0.192000
f 4501 4502 4503
v 0.050200 0.539300 0.208000
v 0.050200 0.532500 0.201200
v 0.057000 0.539300 0.201200
f 4504 4505 4506
v 0.050200 0.626700 0.192000
v 0.050200 0.633500 0.198800
v 0.057000 0.626700 0.198800
f 4507 4508 4509
v 0.057000 0.626700 0.201200
v 0.050200 0.633500 0.201200
v 0.050200 0.626700 0.208000
f 4510 4511 4512
o Chest_status
usemtl lamp
s off
v -0.082000 0.593500 0.212000
v -0.082000 0.606500 0.212000
v -0.082000 0.606500 0.210000
v -0.082000 0.593500 0.210000
f 4513 4514 4515
f 4513 4515 4516
v -0.030000 0.593500 0.210000
v -0.030000 0.606500 0.210000
v -0.030000 0.606500 0.212000
v -0.030000 0.593500 0.212000
f 4517 4518 4519
f 4517 4519 4520
v -0.079000 0.590500 0.210000
v -0.033000 0.590500 0.210000
v -0.033000 0.590500 0.212000
v -0.079000 0.590500 0.212000
f 4521 4522 4523
f 4521 4523 4524
v -0.079000 0.609500 0.212000
v -0.033000 0.609500 0.212000
v -0.033000 0.609500 0.210000
v -0.079000 0.609500 0.210000
f 4525 4526 4527
f 4525 4527 4528
v -0.079000 0.606500 0.207000
v -0.033000 0.606500 0.207000
v -0.033000 0.593500 0.207000
v -0.079000 0.593500 0.207000
f 4529 4530 4531
f 4529 4531 4532
v -0.079000 0.593500 0.215000
v -0.033000 0.593500 0.215000
v -0.033000 0.606500 0.215000
v -0.079000 0.606500 0.215000
f 4533 4534 4535
f 4533 4535 4536
v -0.082000 0.593500 0.210000
v -0.079000 0.590500 0.210000
v -0.079000 0.590500 0.212000
v -0.082000 0.593500 0.212000
f 4537 4538 4539
f 4537 4539 4540
v -0.082000 0.606500 0.212000
v -0.079000 0.609500 0.212000
v -0.079000 0.609500 0.210000
v -0.082000 0.606500 0.210000
f 4541 4542 4543
f 4541 4543 4544
v -0.030000 0.593500 0.212000
v -0.033000 0.590500 0.212000
v -0.033000 0.590500 0.210000
v -0.030000 0.593500 0.210000
f 4545 4546 4547
f 4545 4547 4548
v -0.030000 0.606500 0.210000
v -0.033000 0.609500 0.210000
v -0.033000 0.609500 0.212000
v -0.030000 0.606500 0.212000
f 4549 4550 4551
f 4549 4551 4552
v -0.082000 0.606500 0.210000
v -0.079000 0.606500 0.207000
v -0.079000 0.593500 0.207000
v -0.082000 0.593500 0.210000
f 4553 4554 4555
f 4553 4555 4556
v -0.082000 0.593500 0.212000
v -0.079000 0.593500 0.215000
v -0.079000 0.606500 0.215000
v -0.082000 0.606500 0.212000
f 4557 4558 4559
f 4557 4559 4560
v -0.030000 0.593500 0.210000
v -0.033000 0.593500 0.207000
v -0.033000 0.606500 0.207000
v -0.030000 0.606500 0.210000
f 4561 4562 4563
f 4561 4563 4564
v -0.030000 0.606500 0.212000
v -0.033000 0.606500 0.215000
v -0.033000 0.593500 0.215000
v -0.030000 0.593500 0.212000
f 4565 4566 4567
f 4565 4567 4568
v -0.079000 0.590500 0.210000
v -0.079000 0.593500 0.207000
v -0.033000 0.593500 0.207000
v -0.033000 0.590500 0.210000
f 4569 4570 4571
f 4569 4571 4572
v -0.033000 0.590500 0.212000
v -0.033000 0.593500 0.215000
v -0.079000 0.593500 0.215000
v -0.079000 0.590500 0.212000
f 4573 4574 4575
f 4573 4575 4576
v -0.033000 0.609500 0.210000
v -0.033000 0.606500 0.207000
v -0.079000 0.606500 0.207000
v -0.079000 0.609500 0.210000
f 4577 4578 4579
f 4577 4579 4580
v -0.079000 0.609500 0.212000
v -0.079000 0.606500 0.215000
v -0.033000 0.606500 0.215000
v -0.033000 0.609500 0.212000
f 4581 4582 4583
f 4581 4583 4584
v -0.079000 0.593500 0.207000
v -0.079000 0.590500 0.210000
v -0.082000 0.593500 0.210000
f 4585 4586 4587
v -0.082000 0.593500 0.212000
v -0.079000 0.590500 0.212000
v -0.079000 0.593500 0.215000
f 4588 4589 4590
v -0.082000 0.606500 0.210000
v -0.079000 0.609500 0.210000
v -0.079000 0.606500 0.207000
f 4591 4592 4593
v -0.079000 0.606500 0.215000
v -0.079000 0.609500 0.212000
v -0.082000 0.606500 0.212000
f 4594 4595 4596
v -0.030000 0.593500 0.210000
v -0.033000 0.590500 0.210000
v -0.033000 0.593500 0.207000
f 4597 4598 4599
v -0.033000 0.593500 0.215000
v -0.033000 0.590500 0.212000
v -0.030000 0.593500 0.212000
f 4600 4601 4602
v -0.033000 0.606500 0.207000
v -0.033000 0.609500 0.210000
v -0.030000 0.606500 0.210000
f 4603 4604 4605
v -0.030000 0.606500 0.212000
v -0.033000 0.609500 0.212000
v -0.033000 0.606500 0.215000
f 4606 4607 4608
o Chest_latch
usemtl rubber
s off
v 0.018500 0.561000 0.212000
v 0.018500 0.589000 0.212000
v 0.018500 0.589000 0.210000
v 0.018500 0.561000 0.210000
f 4609 4610 4611
f 4609 4611 4612
v 0.041500 0.561000 0.210000
v 0.041500 0.589000 0.210000
v 0.041500 0.589000 0.212000
v 0.041500 0.561000 0.212000
f 4613 4614 4615
f 4613 4615 4616
v 0.021500 0.558000 0.210000
v 0.038500 0.558000 0.210000
v 0.038500 0.558000 0.212000
v 0.021500 0.558000 0.212000
f 4617 4618 4619
f 4617 4619 4620
v 0.021500 0.592000 0.212000
v 0.038500 0.592000 0.212000
v 0.038500 0.592000 0.210000
v 0.021500 0.592000 0.210000
f 4621 4622 4623
f 4621 4623 4624
v 0.021500 0.589000 0.207000
v 0.038500 0.589000 0.207000
v 0.038500 0.561000 0.207000
v 0.021500 0.561000 0.207000
f 4625 4626 4627
f 4625 4627 4628
v 0.021500 0.561000 0.215000
v 0.038500 0.561000 0.215000
v 0.038500 0.589000 0.215000
v 0.021500 0.589000 0.215000
f 4629 4630 4631
f 4629 4631 4632
v 0.018500 0.561000 0.210000
v 0.021500 0.558000 0.210000
v 0.021500 0.558000 0.212000
v 0.018500 0.561000 0.212000
f 4633 4634 4635
f 4633 4635 4636
v 0.018500 0.589000 0.212000
v 0.021500 0.592000 0.212000
v 0.021500 0.592000 0.210000
v 0.018500 0.589000 0.210000
f 4637 4638 4639
f 4637 4639 4640
v 0.041500 0.561000 0.212000
v 0.038500 0.558000 0.212000
v 0.038500 0.558000 0.210000
v 0.041500 0.561000 0.210000
f 4641 4642 4643
f 4641 4643 4644
v 0.041500 0.589000 0.210000
v 0.038500 0.592000 0.210000
v 0.038500 0.592000 0.212000
v 0.041500 0.589000 0.212000
f 4645 4646 4647
f 4645 4647 4648
v 0.018500 0.589000 0.210000
v 0.021500 0.589000 0.207000
v 0.021500 0.561000 0.207000
v 0.018500 0.561000 0.210000
f 4649 4650 4651
f 4649 4651 4652
v 0.018500 0.561000 0.212000
v 0.021500 0.561000 0.215000
v 0.021500 0.589000 0.215000
v 0.018500 0.589000 0.212000
f 4653 4654 4655
f 4653 4655 4656
v 0.041500 0.561000 0.210000
v 0.038500 0.561000 0.207000
v 0.038500 0.589000 0.207000
v 0.041500 0.589000 0.210000
f 4657 4658 4659
f 4657 4659 4660
v 0.041500 0.589000 0.212000
v 0.038500 0.589000 0.215000
v 0.038500 0.561000 0.215000
v 0.041500 0.561000 0.212000
f 4661 4662 4663
f 4661 4663 4664
v 0.021500 0.558000 0.210000
v 0.021500 0.561000 0.207000
v 0.038500 0.561000 0.207000
v 0.038500 0.558000 0.210000
f 4665 4666 4667
f 4665 4667 4668
v 0.038500 0.558000 0.212000
v 0.038500 0.561000 0.215000
v 0.021500 0.561000 0.215000
v 0.021500 0.558000 0.212000
f 4669 4670 4671
f 4669 4671 4672
v 0.038500 0.592000 0.210000
v 0.038500 0.589000 0.207000
v 0.021500 0.589000 0.207000
v 0.021500 0.592000 0.210000
f 4673 4674 4675
f 4673 4675 4676
v 0.021500 0.592000 0.212000
v 0.021500 0.589000 0.215000
v 0.038500 0.589000 0.215000
v 0.038500 0.592000 0.212000
f 4677 4678 4679
f 4677 4679 4680
v 0.021500 0.561000 0.207000
v 0.021500 0.558000 0.210000
v 0.018500 0.561000 0.210000
f 4681 4682 4683
v 0.018500 0.561000 0.212000
v 0.021500 0.558000 0.212000
v 0.021500 0.561000 0.215000
f 4684 4685 4686
v 0.018500 0.589000 0.210000
v 0.021500 0.592000 0.210000
v 0.021500 0.589000 0.207000
f 4687 4688 4689
v 0.021500 0.589000 0.215000
v 0.021500 0.592000 0.212000
v 0.018500 0.589000 0.212000
f 4690 4691 4692
v 0.041500 0.561000 0.210000
v 0.038500 0.558000 0.210000
v 0.038500 0.561000 0.207000
f 4693 4694 4695
v 0.038500 0.561000 0.215000
v 0.038500 0.558000 0.212000
v 0.041500 0.561000 0.212000
f 4696 4697 4698
v 0.038500 0.589000 0.207000
v 0.038500 0.592000 0.210000
v 0.041500 0.589000 0.210000
f 4699 4700 4701
v 0.041500 0.589000 0.212000
v 0.038500 0.592000 0.212000
v 0.038500 0.589000 0.215000
f 4702 4703 4704
o Harness_left
usemtl graphite
s off
v -0.161500 0.438000 0.171000
v -0.161500 0.684000 0.171000
v -0.161500 0.684000 0.161000
v -0.161500 0.438000 0.161000
f 4705 4706 4707
f 4705 4707 4708
v -0.130500 0.438000 0.161000
v -0.130500 0.684000 0.161000
v -0.130500 0.684000 0.171000
v -0.130500 0.438000 0.171000
f 4709 4710 4711
f 4709 4711 4712
v -0.156500 0.433000 0.161000
v -0.135500 0.433000 0.161000
v -0.135500 0.433000 0.171000
v -0.156500 0.433000 0.171000
f 4713 4714 4715
f 4713 4715 4716
v -0.156500 0.689000 0.171000
v -0.135500 0.689000 0.171000
v -0.135500 0.689000 0.161000
v -0.156500 0.689000 0.161000
f 4717 4718 4719
f 4717 4719 4720
v -0.156500 0.684000 0.156000
v -0.135500 0.684000 0.156000
v -0.135500 0.438000 0.156000
v -0.156500 0.438000 0.156000
f 4721 4722 4723
f 4721 4723 4724
v -0.156500 0.438000 0.176000
v -0.135500 0.438000 0.176000
v -0.135500 0.684000 0.176000
v -0.156500 0.684000 0.176000
f 4725 4726 4727
f 4725 4727 4728
v -0.161500 0.438000 0.161000
v -0.156500 0.433000 0.161000
v -0.156500 0.433000 0.171000
v -0.161500 0.438000 0.171000
f 4729 4730 4731
f 4729 4731 4732
v -0.161500 0.684000 0.171000
v -0.156500 0.689000 0.171000
v -0.156500 0.689000 0.161000
v -0.161500 0.684000 0.161000
f 4733 4734 4735
f 4733 4735 4736
v -0.130500 0.438000 0.171000
v -0.135500 0.433000 0.171000
v -0.135500 0.433000 0.161000
v -0.130500 0.438000 0.161000
f 4737 4738 4739
f 4737 4739 4740
v -0.130500 0.684000 0.161000
v -0.135500 0.689000 0.161000
v -0.135500 0.689000 0.171000
v -0.130500 0.684000 0.171000
f 4741 4742 4743
f 4741 4743 4744
v -0.161500 0.684000 0.161000
v -0.156500 0.684000 0.156000
v -0.156500 0.438000 0.156000
v -0.161500 0.438000 0.161000
f 4745 4746 4747
f 4745 4747 4748
v -0.161500 0.438000 0.171000
v -0.156500 0.438000 0.176000
v -0.156500 0.684000 0.176000
v -0.161500 0.684000 0.171000
f 4749 4750 4751
f 4749 4751 4752
v -0.130500 0.438000 0.161000
v -0.135500 0.438000 0.156000
v -0.135500 0.684000 0.156000
v -0.130500 0.684000 0.161000
f 4753 4754 4755
f 4753 4755 4756
v -0.130500 0.684000 0.171000
v -0.135500 0.684000 0.176000
v -0.135500 0.438000 0.176000
v -0.130500 0.438000 0.171000
f 4757 4758 4759
f 4757 4759 4760
v -0.156500 0.433000 0.161000
v -0.156500 0.438000 0.156000
v -0.135500 0.438000 0.156000
v -0.135500 0.433000 0.161000
f 4761 4762 4763
f 4761 4763 4764
v -0.135500 0.433000 0.171000
v -0.135500 0.438000 0.176000
v -0.156500 0.438000 0.176000
v -0.156500 0.433000 0.171000
f 4765 4766 4767
f 4765 4767 4768
v -0.135500 0.689000 0.161000
v -0.135500 0.684000 0.156000
v -0.156500 0.684000 0.156000
v -0.156500 0.689000 0.161000
f 4769 4770 4771
f 4769 4771 4772
v -0.156500 0.689000 0.171000
v -0.156500 0.684000 0.176000
v -0.135500 0.684000 0.176000
v -0.135500 0.689000 0.171000
f 4773 4774 4775
f 4773 4775 4776
v -0.156500 0.438000 0.156000
v -0.156500 0.433000 0.161000
v -0.161500 0.438000 0.161000
f 4777 4778 4779
v -0.161500 0.438000 0.171000
v -0.156500 0.433000 0.171000
v -0.156500 0.438000 0.176000
f 4780 4781 4782
v -0.161500 0.684000 0.161000
v -0.156500 0.689000 0.161000
v -0.156500 0.684000 0.156000
f 4783 4784 4785
v -0.156500 0.684000 0.176000
v -0.156500 0.689000 0.171000
v -0.161500 0.684000 0.171000
f 4786 4787 4788
v -0.130500 0.438000 0.161000
v -0.135500 0.433000 0.161000
v -0.135500 0.438000 0.156000
f 4789 4790 4791
v -0.135500 0.438000 0.176000
v -0.135500 0.433000 0.171000
v -0.130500 0.438000 0.171000
f 4792 4793 4794
v -0.135500 0.684000 0.156000
v -0.135500 0.689000 0.161000
v -0.130500 0.684000 0.161000
f 4795 4796 4797
v -0.130500 0.684000 0.171000
v -0.135500 0.689000 0.171000
v -0.135500 0.684000 0.176000
f 4798 4799 4800
o Harness_right
usemtl graphite
s off
v 0.131500 0.459500 0.171000
v 0.131500 0.686500 0.171000
v 0.131500 0.686500 0.161000
v 0.131500 0.459500 0.161000
f 4801 4802 4803
f 4801 4803 4804
v 0.162500 0.459500 0.161000
v 0.162500 0.686500 0.161000
v 0.162500 0.686500 0.171000
v 0.162500 0.459500 0.171000
f 4805 4806 4807
f 4805 4807 4808
v 0.136500 0.454500 0.161000
v 0.157500 0.454500 0.161000
v 0.157500 0.454500 0.171000
v 0.136500 0.454500 0.171000
f 4809 4810 4811
f 4809 4811 4812
v 0.136500 0.691500 0.171000
v 0.157500 0.691500 0.171000
v 0.157500 0.691500 0.161000
v 0.136500 0.691500 0.161000
f 4813 4814 4815
f 4813 4815 4816
v 0.136500 0.686500 0.156000
v 0.157500 0.686500 0.156000
v 0.157500 0.459500 0.156000
v 0.136500 0.459500 0.156000
f 4817 4818 4819
f 4817 4819 4820
v 0.136500 0.459500 0.176000
v 0.157500 0.459500 0.176000
v 0.157500 0.686500 0.176000
v 0.136500 0.686500 0.176000
f 4821 4822 4823
f 4821 4823 4824
v 0.131500 0.459500 0.161000
v 0.136500 0.454500 0.161000
v 0.136500 0.454500 0.171000
v 0.131500 0.459500 0.171000
f 4825 4826 4827
f 4825 4827 4828
v 0.131500 0.686500 0.171000
v 0.136500 0.691500 0.171000
v 0.136500 0.691500 0.161000
v 0.131500 0.686500 0.161000
f 4829 4830 4831
f 4829 4831 4832
v 0.162500 0.459500 0.171000
v 0.157500 0.454500 0.171000
v 0.157500 0.454500 0.161000
v 0.162500 0.459500 0.161000
f 4833 4834 4835
f 4833 4835 4836
v 0.162500 0.686500 0.161000
v 0.157500 0.691500 0.161000
v 0.157500 0.691500 0.171000
v 0.162500 0.686500 0.171000
f 4837 4838 4839
f 4837 4839 4840
v 0.131500 0.686500 0.161000
v 0.136500 0.686500 0.156000
v 0.136500 0.459500 0.156000
v 0.131500 0.459500 0.161000
f 4841 4842 4843
f 4841 4843 4844
v 0.131500 0.459500 0.171000
v 0.136500 0.459500 0.176000
v 0.136500 0.686500 0.176000
v 0.131500 0.686500 0.171000
f 4845 4846 4847
f 4845 4847 4848
v 0.162500 0.459500 0.161000
v 0.157500 0.459500 0.156000
v 0.157500 0.686500 0.156000
v 0.162500 0.686500 0.161000
f 4849 4850 4851
f 4849 4851 4852
v 0.162500 0.686500 0.171000
v 0.157500 0.686500 0.176000
v 0.157500 0.459500 0.176000
v 0.162500 0.459500 0.171000
f 4853 4854 4855
f 4853 4855 4856
v 0.136500 0.454500 0.161000
v 0.136500 0.459500 0.156000
v 0.157500 0.459500 0.156000
v 0.157500 0.454500 0.161000
f 4857 4858 4859
f 4857 4859 4860
v 0.157500 0.454500 0.171000
v 0.157500 0.459500 0.176000
v 0.136500 0.459500 0.176000
v 0.136500 0.454500 0.171000
f 4861 4862 4863
f 4861 4863 4864
v 0.157500 0.691500 0.161000
v 0.157500 0.686500 0.156000
v 0.136500 0.686500 0.156000
v 0.136500 0.691500 0.161000
f 4865 4866 4867
f 4865 4867 4868
v 0.136500 0.691500 0.171000
v 0.136500 0.686500 0.176000
v 0.157500 0.686500 0.176000
v 0.157500 0.691500 0.171000
f 4869 4870 4871
f 4869 4871 4872
v 0.136500 0.459500 0.156000
v 0.136500 0.454500 0.161000
v 0.131500 0.459500 0.161000
f 4873 4874 4875
v 0.131500 0.459500 0.171000
v 0.136500 0.454500 0.171000
v 0.136500 0.459500 0.176000
f 4876 4877 4878
v 0.131500 0.686500 0.161000
v 0.136500 0.691500 0.161000
v 0.136500 0.686500 0.156000
f 4879 4880 4881
v 0.136500 0.686500 0.176000
v 0.136500 0.691500 0.171000
v 0.131500 0.686500 0.171000
f 4882 4883 4884
v 0.162500 0.459500 0.161000
v 0.157500 0.454500 0.161000
v 0.157500 0.459500 0.156000
f 4885 4886 4887
v 0.157500 0.459500 0.176000
v 0.157500 0.454500 0.171000
v 0.162500 0.459500 0.171000
f 4888 4889 4890
v 0.157500 0.686500 0.156000
v 0.157500 0.691500 0.161000
v 0.162500 0.686500 0.161000
f 4891 4892 4893
v 0.162500 0.686500 0.171000
v 0.157500 0.691500 0.171000
v 0.157500 0.686500 0.176000
f 4894 4895 4896
o Life_support_pack
usemtl graphite
s off
v -0.140500 0.422000 -0.129500
v -0.140500 0.688000 -0.129500
v -0.140500 0.688000 -0.244500
v -0.140500 0.422000 -0.244500
f 4897 4898 4899
f 4897 4899 4900
v 0.140500 0.422000 -0.244500
v 0.140500 0.688000 -0.244500
v 0.140500 0.688000 -0.129500
v 0.140500 0.422000 -0.129500
f 4901 4902 4903
f 4901 4903 4904
v -0.111500 0.393000 -0.244500
v 0.111500 0.393000 -0.244500
v 0.111500 0.393000 -0.129500
v -0.111500 0.393000 -0.129500
f 4905 4906 4907
f 4905 4907 4908
v -0.111500 0.717000 -0.129500
v 0.111500 0.717000 -0.129500
v 0.111500 0.717000 -0.244500
v -0.111500 0.717000 -0.244500
f 4909 4910 4911
f 4909 4911 4912
v -0.111500 0.688000 -0.273500
v 0.111500 0.688000 -0.273500
v 0.111500 0.422000 -0.273500
v -0.111500 0.422000 -0.273500
f 4913 4914 4915
f 4913 4915 4916
v -0.111500 0.422000 -0.100500
v 0.111500 0.422000 -0.100500
v 0.111500 0.688000 -0.100500
v -0.111500 0.688000 -0.100500
f 4917 4918 4919
f 4917 4919 4920
v -0.140500 0.422000 -0.244500
v -0.111500 0.393000 -0.244500
v -0.111500 0.393000 -0.129500
v -0.140500 0.422000 -0.129500
f 4921 4922 4923
f 4921 4923 4924
v -0.140500 0.688000 -0.129500
v -0.111500 0.717000 -0.129500
v -0.111500 0.717000 -0.244500
v -0.140500 0.688000 -0.244500
f 4925 4926 4927
f 4925 4927 4928
v 0.140500 0.422000 -0.129500
v 0.111500 0.393000 -0.129500
v 0.111500 0.393000 -0.244500
v 0.140500 0.422000 -0.244500
f 4929 4930 4931
f 4929 4931 4932
v 0.140500 0.688000 -0.244500
v 0.111500 0.717000 -0.244500
v 0.111500 0.717000 -0.129500
v 0.140500 0.688000 -0.129500
f 4933 4934 4935
f 4933 4935 4936
v -0.140500 0.688000 -0.244500
v -0.111500 0.688000 -0.273500
v -0.111500 0.422000 -0.273500
v -0.140500 0.422000 -0.244500
f 4937 4938 4939
f 4937 4939 4940
v -0.140500 0.422000 -0.129500
v -0.111500 0.422000 -0.100500
v -0.111500 0.688000 -0.100500
v -0.140500 0.688000 -0.129500
f 4941 4942 4943
f 4941 4943 4944
v 0.140500 0.422000 -0.244500
v 0.111500 0.422000 -0.273500
v 0.111500 0.688000 -0.273500
v 0.140500 0.688000 -0.244500
f 4945 4946 4947
f 4945 4947 4948
v 0.140500 0.688000 -0.129500
v 0.111500 0.688000 -0.100500
v 0.111500 0.422000 -0.100500
v 0.140500 0.422000 -0.129500
f 4949 4950 4951
f 4949 4951 4952
v -0.111500 0.393000 -0.244500
v -0.111500 0.422000 -0.273500
v 0.111500 0.422000 -0.273500
v 0.111500 0.393000 -0.244500
f 4953 4954 4955
f 4953 4955 4956
v 0.111500 0.393000 -0.129500
v 0.111500 0.422000 -0.100500
v -0.111500 0.422000 -0.100500
v -0.111500 0.393000 -0.129500
f 4957 4958 4959
f 4957 4959 4960
v 0.111500 0.717000 -0.244500
v 0.111500 0.688000 -0.273500
v -0.111500 0.688000 -0.273500
v -0.111500 0.717000 -0.244500
f 4961 4962 4963
f 4961 4963 4964
v -0.111500 0.717000 -0.129500
v -0.111500 0.688000 -0.100500
v 0.111500 0.688000 -0.100500
v 0.111500 0.717000 -0.129500
f 4965 4966 4967
f 4965 4967 4968
v -0.111500 0.422000 -0.273500
v -0.111500 0.393000 -0.244500
v -0.140500 0.422000 -0.244500
f 4969 4970 4971
v -0.140500 0.422000 -0.129500
v -0.111500 0.393000 -0.129500
v -0.111500 0.422000 -0.100500
f 4972 4973 4974
v -0.140500 0.688000 -0.244500
v -0.111500 0.717000 -0.244500
v -0.111500 0.688000 -0.273500
f 4975 4976 4977
v -0.111500 0.688000 -0.100500
v -0.111500 0.717000 -0.129500
v -0.140500 0.688000 -0.129500
f 4978 4979 4980
v 0.140500 0.422000 -0.244500
v 0.111500 0.393000 -0.244500
v 0.111500 0.422000 -0.273500
f 4981 4982 4983
v 0.111500 0.422000 -0.100500
v 0.111500 0.393000 -0.129500
v 0.140500 0.422000 -0.129500
f 4984 4985 4986
v 0.111500 0.688000 -0.273500
v 0.111500 0.717000 -0.244500
v 0.140500 0.688000 -0.244500
f 4987 4988 4989
v 0.140500 0.688000 -0.129500
v 0.111500 0.717000 -0.129500
v 0.111500 0.688000 -0.100500
f 4990 4991 4992
o Life_support_cover
usemtl ivory
s off
v -0.125000 0.447975 -0.276475
v -0.125000 0.674025 -0.276475
v -0.125000 0.674025 -0.283525
v -0.125000 0.447975 -0.283525
f 4993 4994 4995
f 4993 4995 4996
v 0.125000 0.447975 -0.283525
v 0.125000 0.674025 -0.283525
v 0.125000 0.674025 -0.276475
v 0.125000 0.447975 -0.276475
f 4997 4998 4999
f 4997 4999 5000
v -0.105025 0.428000 -0.283525
v 0.105025 0.428000 -0.283525
v 0.105025 0.428000 -0.276475
v -0.105025 0.428000 -0.276475
f 5001 5002 5003
f 5001 5003 5004
v -0.105025 0.694000 -0.276475
v 0.105025 0.694000 -0.276475
v 0.105025 0.694000 -0.283525
v -0.105025 0.694000 -0.283525
f 5005 5006 5007
f 5005 5007 5008
v -0.105025 0.674025 -0.303500
v 0.105025 0.674025 -0.303500
v 0.105025 0.447975 -0.303500
v -0.105025 0.447975 -0.303500
f 5009 5010 5011
f 5009 5011 5012
v -0.105025 0.447975 -0.256500
v 0.105025 0.447975 -0.256500
v 0.105025 0.674025 -0.256500
v -0.105025 0.674025 -0.256500
f 5013 5014 5015
f 5013 5015 5016
v -0.125000 0.447975 -0.283525
v -0.105025 0.428000 -0.283525
v -0.105025 0.428000 -0.276475
v -0.125000 0.447975 -0.276475
f 5017 5018 5019
f 5017 5019 5020
v -0.125000 0.674025 -0.276475
v -0.105025 0.694000 -0.276475
v -0.105025 0.694000 -0.283525
v -0.125000 0.674025 -0.283525
f 5021 5022 5023
f 5021 5023 5024
v 0.125000 0.447975 -0.276475
v 0.105025 0.428000 -0.276475
v 0.105025 0.428000 -0.283525
v 0.125000 0.447975 -0.283525
f 5025 5026 5027
f 5025 5027 5028
v 0.125000 0.674025 -0.283525
v 0.105025 0.694000 -0.283525
v 0.105025 0.694000 -0.276475
v 0.125000 0.674025 -0.276475
f 5029 5030 5031
f 5029 5031 5032
v -0.125000 0.674025 -0.283525
v -0.105025 0.674025 -0.303500
v -0.105025 0.447975 -0.303500
v -0.125000 0.447975 -0.283525
f 5033 5034 5035
f 5033 5035 5036
v -0.125000 0.447975 -0.276475
v -0.105025 0.447975 -0.256500
v -0.105025 0.674025 -0.256500
v -0.125000 0.674025 -0.276475
f 5037 5038 5039
f 5037 5039 5040
v 0.125000 0.447975 -0.283525
v 0.105025 0.447975 -0.303500
v 0.105025 0.674025 -0.303500
v 0.125000 0.674025 -0.283525
f 5041 5042 5043
f 5041 5043 5044
v 0.125000 0.674025 -0.276475
v 0.105025 0.674025 -0.256500
v 0.105025 0.447975 -0.256500
v 0.125000 0.447975 -0.276475
f 5045 5046 5047
f 5045 5047 5048
v -0.105025 0.428000 -0.283525
v -0.105025 0.447975 -0.303500
v 0.105025 0.447975 -0.303500
v 0.105025 0.428000 -0.283525
f 5049 5050 5051
f 5049 5051 5052
v 0.105025 0.428000 -0.276475
v 0.105025 0.447975 -0.256500
v -0.105025 0.447975 -0.256500
v -0.105025 0.428000 -0.276475
f 5053 5054 5055
f 5053 5055 5056
v 0.105025 0.694000 -0.283525
v 0.105025 0.674025 -0.303500
v -0.105025 0.674025 -0.303500
v -0.105025 0.694000 -0.283525
f 5057 5058 5059
f 5057 5059 5060
v -0.105025 0.694000 -0.276475
v -0.105025 0.674025 -0.256500
v 0.105025 0.674025 -0.256500
v 0.105025 0.694000 -0.276475
f 5061 5062 5063
f 5061 5063 5064
v -0.105025 0.447975 -0.303500
v -0.105025 0.428000 -0.283525
v -0.125000 0.447975 -0.283525
f 5065 5066 5067
v -0.125000 0.447975 -0.276475
v -0.105025 0.428000 -0.276475
v -0.105025 0.447975 -0.256500
f 5068 5069 5070
v -0.125000 0.674025 -0.283525
v -0.105025 0.694000 -0.283525
v -0.105025 0.674025 -0.303500
f 5071 5072 5073
v -0.105025 0.674025 -0.256500
v -0.105025 0.694000 -0.276475
v -0.125000 0.674025 -0.276475
f 5074 5075 5076
v 0.125000 0.447975 -0.283525
v 0.105025 0.428000 -0.283525
v 0.105025 0.447975 -0.303500
f 5077 5078 5079
v 0.105025 0.447975 -0.256500
v 0.105025 0.428000 -0.276475
v 0.125000 0.447975 -0.276475
f 5080 5081 5082
v 0.105025 0.674025 -0.303500
v 0.105025 0.694000 -0.283525
v 0.125000 0.674025 -0.283525
f 5083 5084 5085
v 0.125000 0.674025 -0.276475
v 0.105025 0.694000 -0.276475
v 0.105025 0.674025 -0.256500
f 5086 5087 5088
o Life_support_spine
usemtl fabric
s off
v -0.027500 0.470500 -0.306500
v -0.027500 0.673500 -0.306500
v -0.027500 0.673500 -0.311500
v -0.027500 0.470500 -0.311500
f 5089 5090 5091
f 5089 5091 5092
v 0.027500 0.470500 -0.311500
v 0.027500 0.673500 -0.311500
v 0.027500 0.673500 -0.306500
v 0.027500 0.470500 -0.306500
f 5093 5094 5095
f 5093 5095 5096
v -0.022500 0.465500 -0.311500
v 0.022500 0.465500 -0.311500
v 0.022500 0.465500 -0.306500
v -0.022500 0.465500 -0.306500
f 5097 5098 5099
f 5097 5099 5100
v -0.022500 0.678500 -0.306500
v 0.022500 0.678500 -0.306500
v 0.022500 0.678500 -0.311500
v -0.022500 0.678500 -0.311500
f 5101 5102 5103
f 5101 5103 5104
v -0.022500 0.673500 -0.316500
v 0.022500 0.673500 -0.316500
v 0.022500 0.470500 -0.316500
v -0.022500 0.470500 -0.316500
f 5105 5106 5107
f 5105 5107 5108
v -0.022500 0.470500 -0.301500
v 0.022500 0.470500 -0.301500
v 0.022500 0.673500 -0.301500
v -0.022500 0.673500 -0.301500
f 5109 5110 5111
f 5109 5111 5112
v -0.027500 0.470500 -0.311500
v -0.022500 0.465500 -0.311500
v -0.022500 0.465500 -0.306500
v -0.027500 0.470500 -0.306500
f 5113 5114 5115
f 5113 5115 5116
v -0.027500 0.673500 -0.306500
v -0.022500 0.678500 -0.306500
v -0.022500 0.678500 -0.311500
v -0.027500 0.673500 -0.311500
f 5117 5118 5119
f 5117 5119 5120
v 0.027500 0.470500 -0.306500
v 0.022500 0.465500 -0.306500
v 0.022500 0.465500 -0.311500
v 0.027500 0.470500 -0.311500
f 5121 5122 5123
f 5121 5123 5124
v 0.027500 0.673500 -0.311500
v 0.022500 0.678500 -0.311500
v 0.022500 0.678500 -0.306500
v 0.027500 0.673500 -0.306500
f 5125 5126 5127
f 5125 5127 5128
v -0.027500 0.673500 -0.311500
v -0.022500 0.673500 -0.316500
v -0.022500 0.470500 -0.316500
v -0.027500 0.470500 -0.311500
f 5129 5130 5131
f 5129 5131 5132
v -0.027500 0.470500 -0.306500
v -0.022500 0.470500 -0.301500
v -0.022500 0.673500 -0.301500
v -0.027500 0.673500 -0.306500
f 5133 5134 5135
f 5133 5135 5136
v 0.027500 0.470500 -0.311500
v 0.022500 0.470500 -0.316500
v 0.022500 0.673500 -0.316500
v 0.027500 0.673500 -0.311500
f 5137 5138 5139
f 5137 5139 5140
v 0.027500 0.673500 -0.306500
v 0.022500 0.673500 -0.301500
v 0.022500 0.470500 -0.301500
v 0.027500 0.470500 -0.306500
f 5141 5142 5143
f 5141 5143 5144
v -0.022500 0.465500 -0.311500
v -0.022500 0.470500 -0.316500
v 0.022500 0.470500 -0.316500
v 0.022500 0.465500 -0.311500
f 5145 5146 5147
f 5145 5147 5148
v 0.022500 0.465500 -0.306500
v 0.022500 0.470500 -0.301500
v -0.022500 0.470500 -0.301500
v -0.022500 0.465500 -0.306500
f 5149 5150 5151
f 5149 5151 5152
v 0.022500 0.678500 -0.311500
v 0.022500 0.673500 -0.316500
v -0.022500 0.673500 -0.316500
v -0.022500 0.678500 -0.311500
f 5153 5154 5155
f 5153 5155 5156
v -0.022500 0.678500 -0.306500
v -0.022500 0.673500 -0.301500
v 0.022500 0.673500 -0.301500
v 0.022500 0.678500 -0.306500
f 5157 5158 5159
f 5157 5159 5160
v -0.022500 0.470500 -0.316500
v -0.022500 0.465500 -0.311500
v -0.027500 0.470500 -0.311500
f 5161 5162 5163
v -0.027500 0.470500 -0.306500
v -0.022500 0.465500 -0.306500
v -0.022500 0.470500 -0.301500
f 5164 5165 5166
v -0.027500 0.673500 -0.311500
v -0.022500 0.678500 -0.311500
v -0.022500 0.673500 -0.316500
f 5167 5168 5169
v -0.022500 0.673500 -0.301500
v -0.022500 0.678500 -0.306500
v -0.027500 0.673500 -0.306500
f 5170 5171 5172
v 0.027500 0.470500 -0.311500
v 0.022500 0.465500 -0.311500
v 0.022500 0.470500 -0.316500
f 5173 5174 5175
v 0.022500 0.470500 -0.301500
v 0.022500 0.465500 -0.306500
v 0.027500 0.470500 -0.306500
f 5176 5177 5178
v 0.022500 0.673500 -0.316500
v 0.022500 0.678500 -0.311500
v 0.027500 0.673500 -0.311500
f 5179 5180 5181
v 0.027500 0.673500 -0.306500
v 0.022500 0.678500 -0.306500
v 0.022500 0.673500 -0.301500
f 5182 5183 5184
o Pack_handle
usemtl graphite
s off
v -0.071000 0.727500 -0.176500
v -0.071000 0.740500 -0.176500
v -0.071000 0.740500 -0.231500
v -0.071000 0.727500 -0.231500
f 5185 5186 5187
f 5185 5187 5188
v 0.071000 0.727500 -0.231500
v 0.071000 0.740500 -0.231500
v 0.071000 0.740500 -0.176500
v 0.071000 0.727500 -0.176500
f 5189 5190 5191
f 5189 5191 5192
v -0.061000 0.717500 -0.231500
v 0.061000 0.717500 -0.231500
v 0.061000 0.717500 -0.176500
v -0.061000 0.717500 -0.176500
f 5193 5194 5195
f 5193 5195 5196
v -0.061000 0.750500 -0.176500
v 0.061000 0.750500 -0.176500
v 0.061000 0.750500 -0.231500
v -0.061000 0.750500 -0.231500
f 5197 5198 5199
f 5197 5199 5200
v -0.061000 0.740500 -0.241500
v 0.061000 0.740500 -0.241500
v 0.061000 0.727500 -0.241500
v -0.061000 0.727500 -0.241500
f 5201 5202 5203
f 5201 5203 5204
v -0.061000 0.727500 -0.166500
v 0.061000 0.727500 -0.166500
v 0.061000 0.740500 -0.166500
v -0.061000 0.740500 -0.166500
f 5205 5206 5207
f 5205 5207 5208
v -0.071000 0.727500 -0.231500
v -0.061000 0.717500 -0.231500
v -0.061000 0.717500 -0.176500
v -0.071000 0.727500 -0.176500
f 5209 5210 5211
f 5209 5211 5212
v -0.071000 0.740500 -0.176500
v -0.061000 0.750500 -0.176500
v -0.061000 0.750500 -0.231500
v -0.071000 0.740500 -0.231500
f 5213 5214 5215
f 5213 5215 5216
v 0.071000 0.727500 -0.176500
v 0.061000 0.717500 -0.176500
v 0.061000 0.717500 -0.231500
v 0.071000 0.727500 -0.231500
f 5217 5218 5219
f 5217 5219 5220
v 0.071000 0.740500 -0.231500
v 0.061000 0.750500 -0.231500
v 0.061000 0.750500 -0.176500
v 0.071000 0.740500 -0.176500
f 5221 5222 5223
f 5221 5223 5224
v -0.071000 0.740500 -0.231500
v -0.061000 0.740500 -0.241500
v -0.061000 0.727500 -0.241500
v -0.071000 0.727500 -0.231500
f 5225 5226 5227
f 5225 5227 5228
v -0.071000 0.727500 -0.176500
v -0.061000 0.727500 -0.166500
v -0.061000 0.740500 -0.166500
v -0.071000 0.740500 -0.176500
f 5229 5230 5231
f 5229 5231 5232
v 0.071000 0.727500 -0.231500
v 0.061000 0.727500 -0.241500
v 0.061000 0.740500 -0.241500
v 0.071000 0.740500 -0.231500
f 5233 5234 5235
f 5233 5235 5236
v 0.071000 0.740500 -0.176500
v 0.061000 0.740500 -0.166500
v 0.061000 0.727500 -0.166500
v 0.071000 0.727500 -0.176500
f 5237 5238 5239
f 5237 5239 5240
v -0.061000 0.717500 -0.231500
v -0.061000 0.727500 -0.241500
v 0.061000 0.727500 -0.241500
v 0.061000 0.717500 -0.231500
f 5241 5242 5243
f 5241 5243 5244
v 0.061000 0.717500 -0.176500
v 0.061000 0.727500 -0.166500
v -0.061000 0.727500 -0.166500
v -0.061000 0.717500 -0.176500
f 5245 5246 5247
f 5245 5247 5248
v 0.061000 0.750500 -0.231500
v 0.061000 0.740500 -0.241500
v -0.061000 0.740500 -0.241500
v -0.061000 0.750500 -0.231500
f 5249 5250 5251
f 5249 5251 5252
v -0.061000 0.750500 -0.176500
v -0.061000 0.740500 -0.166500
v 0.061000 0.740500 -0.166500
v 0.061000 0.750500 -0.176500
f 5253 5254 5255
f 5253 5255 5256
v -0.061000 0.727500 -0.241500
v -0.061000 0.717500 -0.231500
v -0.071000 0.727500 -0.231500
f 5257 5258 5259
v -0.071000 0.727500 -0.176500
v -0.061000 0.717500 -0.176500
v -0.061000 0.727500 -0.166500
f 5260 5261 5262
v -0.071000 0.740500 -0.231500
v -0.061000 0.750500 -0.231500
v -0.061000 0.740500 -0.241500
f 5263 5264 5265
v -0.061000 0.740500 -0.166500
v -0.061000 0.750500 -0.176500
v -0.071000 0.740500 -0.176500
f 5266 5267 5268
v 0.071000 0.727500 -0.231500
v 0.061000 0.717500 -0.231500
v 0.061000 0.727500 -0.241500
f 5269 5270 5271
v 0.061000 0.727500 -0.166500
v 0.061000 0.717500 -0.176500
v 0.071000 0.727500 -0.176500
f 5272 5273 5274
v 0.061000 0.740500 -0.241500
v 0.061000 0.750500 -0.231500
v 0.071000 0.740500 -0.231500
f 5275 5276 5277
v 0.071000 0.740500 -0.176500
v 0.061000 0.750500 -0.176500
v 0.061000 0.740500 -0.166500
f 5278 5279 5280
o Pack_vent_-1_0
usemtl rubber
s off
v -0.105500 0.487000 -0.304000
v -0.105500 0.491000 -0.304000
v -0.105500 0.491000 -0.312000
v -0.105500 0.487000 -0.312000
f 5281 5282 5283
f 5281 5283 5284
v -0.050500 0.487000 -0.312000
v -0.050500 0.491000 -0.312000
v -0.050500 0.491000 -0.304000
v -0.050500 0.487000 -0.304000
f 5285 5286 5287
f 5285 5287 5288
v -0.103500 0.485000 -0.312000
v -0.052500 0.485000 -0.312000
v -0.052500 0.485000 -0.304000
v -0.103500 0.485000 -0.304000
f 5289 5290 5291
f 5289 5291 5292
v -0.103500 0.493000 -0.304000
v -0.052500 0.493000 -0.304000
v -0.052500 0.493000 -0.312000
v -0.103500 0.493000 -0.312000
f 5293 5294 5295
f 5293 5295 5296
v -0.103500 0.491000 -0.314000
v -0.052500 0.491000 -0.314000
v -0.052500 0.487000 -0.314000
v -0.103500 0.487000 -0.314000
f 5297 5298 5299
f 5297 5299 5300
v -0.103500 0.487000 -0.302000
v -0.052500 0.487000 -0.302000
v -0.052500 0.491000 -0.302000
v -0.103500 0.491000 -0.302000
f 5301 5302 5303
f 5301 5303 5304
v -0.105500 0.487000 -0.312000
v -0.103500 0.485000 -0.312000
v -0.103500 0.485000 -0.304000
v -0.105500 0.487000 -0.304000
f 5305 5306 5307
f 5305 5307 5308
v -0.105500 0.491000 -0.304000
v -0.103500 0.493000 -0.304000
v -0.103500 0.493000 -0.312000
v -0.105500 0.491000 -0.312000
f 5309 5310 5311
f 5309 5311 5312
v -0.050500 0.487000 -0.304000
v -0.052500 0.485000 -0.304000
v -0.052500 0.485000 -0.312000
v -0.050500 0.487000 -0.312000
f 5313 5314 5315
f 5313 5315 5316
v -0.050500 0.491000 -0.312000
v -0.052500 0.493000 -0.312000
v -0.052500 0.493000 -0.304000
v -0.050500 0.491000 -0.304000
f 5317 5318 5319
f 5317 5319 5320
v -0.105500 0.491000 -0.312000
v -0.103500 0.491000 -0.314000
v -0.103500 0.487000 -0.314000
v -0.105500 0.487000 -0.312000
f 5321 5322 5323
f 5321 5323 5324
v -0.105500 0.487000 -0.304000
v -0.103500 0.487000 -0.302000
v -0.103500 0.491000 -0.302000
v -0.105500 0.491000 -0.304000
f 5325 5326 5327
f 5325 5327 5328
v -0.050500 0.487000 -0.312000
v -0.052500 0.487000 -0.314000
v -0.052500 0.491000 -0.314000
v -0.050500 0.491000 -0.312000
f 5329 5330 5331
f 5329 5331 5332
v -0.050500 0.491000 -0.304000
v -0.052500 0.491000 -0.302000
v -0.052500 0.487000 -0.302000
v -0.050500 0.487000 -0.304000
f 5333 5334 5335
f 5333 5335 5336
v -0.103500 0.485000 -0.312000
v -0.103500 0.487000 -0.314000
v -0.052500 0.487000 -0.314000
v -0.052500 0.485000 -0.312000
f 5337 5338 5339
f 5337 5339 5340
v -0.052500 0.485000 -0.304000
v -0.052500 0.487000 -0.302000
v -0.103500 0.487000 -0.302000
v -0.103500 0.485000 -0.304000
f 5341 5342 5343
f 5341 5343 5344
v -0.052500 0.493000 -0.312000
v -0.052500 0.491000 -0.314000
v -0.103500 0.491000 -0.314000
v -0.103500 0.493000 -0.312000
f 5345 5346 5347
f 5345 5347 5348
v -0.103500 0.493000 -0.304000
v -0.103500 0.491000 -0.302000
v -0.052500 0.491000 -0.302000
v -0.052500 0.493000 -0.304000
f 5349 5350 5351
f 5349 5351 5352
v -0.103500 0.487000 -0.314000
v -0.103500 0.485000 -0.312000
v -0.105500 0.487000 -0.312000
f 5353 5354 5355
v -0.105500 0.487000 -0.304000
v -0.103500 0.485000 -0.304000
v -0.103500 0.487000 -0.302000
f 5356 5357 5358
v -0.105500 0.491000 -0.312000
v -0.103500 0.493000 -0.312000
v -0.103500 0.491000 -0.314000
f 5359 5360 5361
v -0.103500 0.491000 -0.302000
v -0.103500 0.493000 -0.304000
v -0.105500 0.491000 -0.304000
f 5362 5363 5364
v -0.050500 0.487000 -0.312000
v -0.052500 0.485000 -0.312000
v -0.052500 0.487000 -0.314000
f 5365 5366 5367
v -0.052500 0.487000 -0.302000
v -0.052500 0.485000 -0.304000
v -0.050500 0.487000 -0.304000
f 5368 5369 5370
v -0.052500 0.491000 -0.314000
v -0.052500 0.493000 -0.312000
v -0.050500 0.491000 -0.312000
f 5371 5372 5373
v -0.050500 0.491000 -0.304000
v -0.052500 0.493000 -0.304000
v -0.052500 0.491000 -0.302000
f 5374 5375 5376
o Pack_vent_-1_1
usemtl rubber
s off
v -0.105500 0.509000 -0.304000
v -0.105500 0.513000 -0.304000
v -0.105500 0.513000 -0.312000
v -0.105500 0.509000 -0.312000
f 5377 5378 5379
f 5377 5379 5380
v -0.050500 0.509000 -0.312000
v -0.050500 0.513000 -0.312000
v -0.050500 0.513000 -0.304000
v -0.050500 0.509000 -0.304000
f 5381 5382 5383
f 5381 5383 5384
v -0.103500 0.507000 -0.312000
v -0.052500 0.507000 -0.312000
v -0.052500 0.507000 -0.304000
v -0.103500 0.507000 -0.304000
f 5385 5386 5387
f 5385 5387 5388
v -0.103500 0.515000 -0.304000
v -0.052500 0.515000 -0.304000
v -0.052500 0.515000 -0.312000
v -0.103500 0.515000 -0.312000
f 5389 5390 5391
f 5389 5391 5392
v -0.103500 0.513000 -0.314000
v -0.052500 0.513000 -0.314000
v -0.052500 0.509000 -0.314000
v -0.103500 0.509000 -0.314000
f 5393 5394 5395
f 5393 5395 5396
v -0.103500 0.509000 -0.302000
v -0.052500 0.509000 -0.302000
v -0.052500 0.513000 -0.302000
v -0.103500 0.513000 -0.302000
f 5397 5398 5399
f 5397 5399 5400
v -0.105500 0.509000 -0.312000
v -0.103500 0.507000 -0.312000
v -0.103500 0.507000 -0.304000
v -0.105500 0.509000 -0.304000
f 5401 5402 5403
f 5401 5403 5404
v -0.105500 0.513000 -0.304000
v -0.103500 0.515000 -0.304000
v -0.103500 0.515000 -0.312000
v -0.105500 0.513000 -0.312000
f 5405 5406 5407
f 5405 5407 5408
v -0.050500 0.509000 -0.304000
v -0.052500 0.507000 -0.304000
v -0.052500 0.507000 -0.312000
v -0.050500 0.509000 -0.312000
f 5409 5410 5411
f 5409 5411 5412
v -0.050500 0.513000 -0.312000
v -0.052500 0.515000 -0.312000
v -0.052500 0.515000 -0.304000
v -0.050500 0.513000 -0.304000
f 5413 5414 5415
f 5413 5415 5416
v -0.105500 0.513000 -0.312000
v -0.103500 0.513000 -0.314000
v -0.103500 0.509000 -0.314000
v -0.105500 0.509000 -0.312000
f 5417 5418 5419
f 5417 5419 5420
v -0.105500 0.509000 -0.304000
v -0.103500 0.509000 -0.302000
v -0.103500 0.513000 -0.302000
v -0.105500 0.513000 -0.304000
f 5421 5422 5423
f 5421 5423 5424
v -0.050500 0.509000 -0.312000
v -0.052500 0.509000 -0.314000
v -0.052500 0.513000 -0.314000
v -0.050500 0.513000 -0.312000
f 5425 5426 5427
f 5425 5427 5428
v -0.050500 0.513000 -0.304000
v -0.052500 0.513000 -0.302000
v -0.052500 0.509000 -0.302000
v -0.050500 0.509000 -0.304000
f 5429 5430 5431
f 5429 5431 5432
v -0.103500 0.507000 -0.312000
v -0.103500 0.509000 -0.314000
v -0.052500 0.509000 -0.314000
v -0.052500 0.507000 -0.312000
f 5433 5434 5435
f 5433 5435 5436
v -0.052500 0.507000 -0.304000
v -0.052500 0.509000 -0.302000
v -0.103500 0.509000 -0.302000
v -0.103500 0.507000 -0.304000
f 5437 5438 5439
f 5437 5439 5440
v -0.052500 0.515000 -0.312000
v -0.052500 0.513000 -0.314000
v -0.103500 0.513000 -0.314000
v -0.103500 0.515000 -0.312000
f 5441 5442 5443
f 5441 5443 5444
v -0.103500 0.515000 -0.304000
v -0.103500 0.513000 -0.302000
v -0.052500 0.513000 -0.302000
v -0.052500 0.515000 -0.304000
f 5445 5446 5447
f 5445 5447 5448
v -0.103500 0.509000 -0.314000
v -0.103500 0.507000 -0.312000
v -0.105500 0.509000 -0.312000
f 5449 5450 5451
v -0.105500 0.509000 -0.304000
v -0.103500 0.507000 -0.304000
v -0.103500 0.509000 -0.302000
f 5452 5453 5454
v -0.105500 0.513000 -0.312000
v -0.103500 0.515000 -0.312000
v -0.103500 0.513000 -0.314000
f 5455 5456 5457
v -0.103500 0.513000 -0.302000
v -0.103500 0.515000 -0.304000
v -0.105500 0.513000 -0.304000
f 5458 5459 5460
v -0.050500 0.509000 -0.312000
v -0.052500 0.507000 -0.312000
v -0.052500 0.509000 -0.314000
f 5461 5462 5463
v -0.052500 0.509000 -0.302000
v -0.052500 0.507000 -0.304000
v -0.050500 0.509000 -0.304000
f 5464 5465 5466
v -0.052500 0.513000 -0.314000
v -0.052500 0.515000 -0.312000
v -0.050500 0.513000 -0.312000
f 5467 5468 5469
v -0.050500 0.513000 -0.304000
v -0.052500 0.515000 -0.304000
v -0.052500 0.513000 -0.302000
f 5470 5471 5472
o Pack_vent_-1_2
usemtl rubber
s off
v -0.105500 0.531000 -0.304000
v -0.105500 0.535000 -0.304000
v -0.105500 0.535000 -0.312000
v -0.105500 0.531000 -0.312000
f 5473 5474 5475
f 5473 5475 5476
v -0.050500 0.531000 -0.312000
v -0.050500 0.535000 -0.312000
v -0.050500 0.535000 -0.304000
v -0.050500 0.531000 -0.304000
f 5477 5478 5479
f 5477 5479 5480
v -0.103500 0.529000 -0.312000
v -0.052500 0.529000 -0.312000
v -0.052500 0.529000 -0.304000
v -0.103500 0.529000 -0.304000
f 5481 5482 5483
f 5481 5483 5484
v -0.103500 0.537000 -0.304000
v -0.052500 0.537000 -0.304000
v -0.052500 0.537000 -0.312000
v -0.103500 0.537000 -0.312000
f 5485 5486 5487
f 5485 5487 5488
v -0.103500 0.535000 -0.314000
v -0.052500 0.535000 -0.314000
v -0.052500 0.531000 -0.314000
v -0.103500 0.531000 -0.314000
f 5489 5490 5491
f 5489 5491 5492
v -0.103500 0.531000 -0.302000
v -0.052500 0.531000 -0.302000
v -0.052500 0.535000 -0.302000
v -0.103500 0.535000 -0.302000
f 5493 5494 5495
f 5493 5495 5496
v -0.105500 0.531000 -0.312000
v -0.103500 0.529000 -0.312000
v -0.103500 0.529000 -0.304000
v -0.105500 0.531000 -0.304000
f 5497 5498 5499
f 5497 5499 5500
v -0.105500 0.535000 -0.304000
v -0.103500 0.537000 -0.304000
v -0.103500 0.537000 -0.312000
v -0.105500 0.535000 -0.312000
f 5501 5502 5503
f 5501 5503 5504
v -0.050500 0.531000 -0.304000
v -0.052500 0.529000 -0.304000
v -0.052500 0.529000 -0.312000
v -0.050500 0.531000 -0.312000
f 5505 5506 5507
f 5505 5507 5508
v -0.050500 0.535000 -0.312000
v -0.052500 0.537000 -0.312000
v -0.052500 0.537000 -0.304000
v -0.050500 0.535000 -0.304000
f 5509 5510 5511
f 5509 5511 5512
v -0.105500 0.535000 -0.312000
v -0.103500 0.535000 -0.314000
v -0.103500 0.531000 -0.314000
v -0.105500 0.531000 -0.312000
f 5513 5514 5515
f 5513 5515 5516
v -0.105500 0.531000 -0.304000
v -0.103500 0.531000 -0.302000
v -0.103500 0.535000 -0.302000
v -0.105500 0.535000 -0.304000
f 5517 5518 5519
f 5517 5519 5520
v -0.050500 0.531000 -0.312000
v -0.052500 0.531000 -0.314000
v -0.052500 0.535000 -0.314000
v -0.050500 0.535000 -0.312000
f 5521 5522 5523
f 5521 5523 5524
v -0.050500 0.535000 -0.304000
v -0.052500 0.535000 -0.302000
v -0.052500 0.531000 -0.302000
v -0.050500 0.531000 -0.304000
f 5525 5526 5527
f 5525 5527 5528
v -0.103500 0.529000 -0.312000
v -0.103500 0.531000 -0.314000
v -0.052500 0.531000 -0.314000
v -0.052500 0.529000 -0.312000
f 5529 5530 5531
f 5529 5531 5532
v -0.052500 0.529000 -0.304000
v -0.052500 0.531000 -0.302000
v -0.103500 0.531000 -0.302000
v -0.103500 0.529000 -0.304000
f 5533 5534 5535
f 5533 5535 5536
v -0.052500 0.537000 -0.312000
v -0.052500 0.535000 -0.314000
v -0.103500 0.535000 -0.314000
v -0.103500 0.537000 -0.312000
f 5537 5538 5539
f 5537 5539 5540
v -0.103500 0.537000 -0.304000
v -0.103500 0.535000 -0.302000
v -0.052500 0.535000 -0.302000
v -0.052500 0.537000 -0.304000
f 5541 5542 5543
f 5541 5543 5544
v -0.103500 0.531000 -0.314000
v -0.103500 0.529000 -0.312000
v -0.105500 0.531000 -0.312000
f 5545 5546 5547
v -0.105500 0.531000 -0.304000
v -0.103500 0.529000 -0.304000
v -0.103500 0.531000 -0.302000
f 5548 5549 5550
v -0.105500 0.535000 -0.312000
v -0.103500 0.537000 -0.312000
v -0.103500 0.535000 -0.314000
f 5551 5552 5553
v -0.103500 0.535000 -0.302000
v -0.103500 0.537000 -0.304000
v -0.105500 0.535000 -0.304000
f 5554 5555 5556
v -0.050500 0.531000 -0.312000
v -0.052500 0.529000 -0.312000
v -0.052500 0.531000 -0.314000
f 5557 5558 5559
v -0.052500 0.531000 -0.302000
v -0.052500 0.529000 -0.304000
v -0.050500 0.531000 -0.304000
f 5560 5561 5562
v -0.052500 0.535000 -0.314000
v -0.052500 0.537000 -0.312000
v -0.050500 0.535000 -0.312000
f 5563 5564 5565
v -0.050500 0.535000 -0.304000
v -0.052500 0.537000 -0.304000
v -0.052500 0.535000 -0.302000
f 5566 5567 5568
o Pack_vent_1_0
usemtl rubber
s off
v 0.050500 0.487000 -0.304000
v 0.050500 0.491000 -0.304000
v 0.050500 0.491000 -0.312000
v 0.050500 0.487000 -0.312000
f 5569 5570 5571
f 5569 5571 5572
v 0.105500 0.487000 -0.312000
v 0.105500 0.491000 -0.312000
v 0.105500 0.491000 -0.304000
v 0.105500 0.487000 -0.304000
f 5573 5574 5575
f 5573 5575 5576
v 0.052500 0.485000 -0.312000
v 0.103500 0.485000 -0.312000
v 0.103500 0.485000 -0.304000
v 0.052500 0.485000 -0.304000
f 5577 5578 5579
f 5577 5579 5580
v 0.052500 0.493000 -0.304000
v 0.103500 0.493000 -0.304000
v 0.103500 0.493000 -0.312000
v 0.052500 0.493000 -0.312000
f 5581 5582 5583
f 5581 5583 5584
v 0.052500 0.491000 -0.314000
v 0.103500 0.491000 -0.314000
v 0.103500 0.487000 -0.314000
v 0.052500 0.487000 -0.314000
f 5585 5586 5587
f 5585 5587 5588
v 0.052500 0.487000 -0.302000
v 0.103500 0.487000 -0.302000
v 0.103500 0.491000 -0.302000
v 0.052500 0.491000 -0.302000
f 5589 5590 5591
f 5589 5591 5592
v 0.050500 0.487000 -0.312000
v 0.052500 0.485000 -0.312000
v 0.052500 0.485000 -0.304000
v 0.050500 0.487000 -0.304000
f 5593 5594 5595
f 5593 5595 5596
v 0.050500 0.491000 -0.304000
v 0.052500 0.493000 -0.304000
v 0.052500 0.493000 -0.312000
v 0.050500 0.491000 -0.312000
f 5597 5598 5599
f 5597 5599 5600
v 0.105500 0.487000 -0.304000
v 0.103500 0.485000 -0.304000
v 0.103500 0.485000 -0.312000
v 0.105500 0.487000 -0.312000
f 5601 5602 5603
f 5601 5603 5604
v 0.105500 0.491000 -0.312000
v 0.103500 0.493000 -0.312000
v 0.103500 0.493000 -0.304000
v 0.105500 0.491000 -0.304000
f 5605 5606 5607
f 5605 5607 5608
v 0.050500 0.491000 -0.312000
v 0.052500 0.491000 -0.314000
v 0.052500 0.487000 -0.314000
v 0.050500 0.487000 -0.312000
f 5609 5610 5611
f 5609 5611 5612
v 0.050500 0.487000 -0.304000
v 0.052500 0.487000 -0.302000
v 0.052500 0.491000 -0.302000
v 0.050500 0.491000 -0.304000
f 5613 5614 5615
f 5613 5615 5616
v 0.105500 0.487000 -0.312000
v 0.103500 0.487000 -0.314000
v 0.103500 0.491000 -0.314000
v 0.105500 0.491000 -0.312000
f 5617 5618 5619
f 5617 5619 5620
v 0.105500 0.491000 -0.304000
v 0.103500 0.491000 -0.302000
v 0.103500 0.487000 -0.302000
v 0.105500 0.487000 -0.304000
f 5621 5622 5623
f 5621 5623 5624
v 0.052500 0.485000 -0.312000
v 0.052500 0.487000 -0.314000
v 0.103500 0.487000 -0.314000
v 0.103500 0.485000 -0.312000
f 5625 5626 5627
f 5625 5627 5628
v 0.103500 0.485000 -0.304000
v 0.103500 0.487000 -0.302000
v 0.052500 0.487000 -0.302000
v 0.052500 0.485000 -0.304000
f 5629 5630 5631
f 5629 5631 5632
v 0.103500 0.493000 -0.312000
v 0.103500 0.491000 -0.314000
v 0.052500 0.491000 -0.314000
v 0.052500 0.493000 -0.312000
f 5633 5634 5635
f 5633 5635 5636
v 0.052500 0.493000 -0.304000
v 0.052500 0.491000 -0.302000
v 0.103500 0.491000 -0.302000
v 0.103500 0.493000 -0.304000
f 5637 5638 5639
f 5637 5639 5640
v 0.052500 0.487000 -0.314000
v 0.052500 0.485000 -0.312000
v 0.050500 0.487000 -0.312000
f 5641 5642 5643
v 0.050500 0.487000 -0.304000
v 0.052500 0.485000 -0.304000
v 0.052500 0.487000 -0.302000
f 5644 5645 5646
v 0.050500 0.491000 -0.312000
v 0.052500 0.493000 -0.312000
v 0.052500 0.491000 -0.314000
f 5647 5648 5649
v 0.052500 0.491000 -0.302000
v 0.052500 0.493000 -0.304000
v 0.050500 0.491000 -0.304000
f 5650 5651 5652
v 0.105500 0.487000 -0.312000
v 0.103500 0.485000 -0.312000
v 0.103500 0.487000 -0.314000
f 5653 5654 5655
v 0.103500 0.487000 -0.302000
v 0.103500 0.485000 -0.304000
v 0.105500 0.487000 -0.304000
f 5656 5657 5658
v 0.103500 0.491000 -0.314000
v 0.103500 0.493000 -0.312000
v 0.105500 0.491000 -0.312000
f 5659 5660 5661
v 0.105500 0.491000 -0.304000
v 0.103500 0.493000 -0.304000
v 0.103500 0.491000 -0.302000
f 5662 5663 5664
o Pack_vent_1_1
usemtl rubber
s off
v 0.050500 0.509000 -0.304000
v 0.050500 0.513000 -0.304000
v 0.050500 0.513000 -0.312000
v 0.050500 0.509000 -0.312000
f 5665 5666 5667
f 5665 5667 5668
v 0.105500 0.509000 -0.312000
v 0.105500 0.513000 -0.312000
v 0.105500 0.513000 -0.304000
v 0.105500 0.509000 -0.304000
f 5669 5670 5671
f 5669 5671 5672
v 0.052500 0.507000 -0.312000
v 0.103500 0.507000 -0.312000
v 0.103500 0.507000 -0.304000
v 0.052500 0.507000 -0.304000
f 5673 5674 5675
f 5673 5675 5676
v 0.052500 0.515000 -0.304000
v 0.103500 0.515000 -0.304000
v 0.103500 0.515000 -0.312000
v 0.052500 0.515000 -0.312000
f 5677 5678 5679
f 5677 5679 5680
v 0.052500 0.513000 -0.314000
v 0.103500 0.513000 -0.314000
v 0.103500 0.509000 -0.314000
v 0.052500 0.509000 -0.314000
f 5681 5682 5683
f 5681 5683 5684
v 0.052500 0.509000 -0.302000
v 0.103500 0.509000 -0.302000
v 0.103500 0.513000 -0.302000
v 0.052500 0.513000 -0.302000
f 5685 5686 5687
f 5685 5687 5688
v 0.050500 0.509000 -0.312000
v 0.052500 0.507000 -0.312000
v 0.052500 0.507000 -0.304000
v 0.050500 0.509000 -0.304000
f 5689 5690 5691
f 5689 5691 5692
v 0.050500 0.513000 -0.304000
v 0.052500 0.515000 -0.304000
v 0.052500 0.515000 -0.312000
v 0.050500 0.513000 -0.312000
f 5693 5694 5695
f 5693 5695 5696
v 0.105500 0.509000 -0.304000
v 0.103500 0.507000 -0.304000
v 0.103500 0.507000 -0.312000
v 0.105500 0.509000 -0.312000
f 5697 5698 5699
f 5697 5699 5700
v 0.105500 0.513000 -0.312000
v 0.103500 0.515000 -0.312000
v 0.103500 0.515000 -0.304000
v 0.105500 0.513000 -0.304000
f 5701 5702 5703
f 5701 5703 5704
v 0.050500 0.513000 -0.312000
v 0.052500 0.513000 -0.314000
v 0.052500 0.509000 -0.314000
v 0.050500 0.509000 -0.312000
f 5705 5706 5707
f 5705 5707 5708
v 0.050500 0.509000 -0.304000
v 0.052500 0.509000 -0.302000
v 0.052500 0.513000 -0.302000
v 0.050500 0.513000 -0.304000
f 5709 5710 5711
f 5709 5711 5712
v 0.105500 0.509000 -0.312000
v 0.103500 0.509000 -0.314000
v 0.103500 0.513000 -0.314000
v 0.105500 0.513000 -0.312000
f 5713 5714 5715
f 5713 5715 5716
v 0.105500 0.513000 -0.304000
v 0.103500 0.513000 -0.302000
v 0.103500 0.509000 -0.302000
v 0.105500 0.509000 -0.304000
f 5717 5718 5719
f 5717 5719 5720
v 0.052500 0.507000 -0.312000
v 0.052500 0.509000 -0.314000
v 0.103500 0.509000 -0.314000
v 0.103500 0.507000 -0.312000
f 5721 5722 5723
f 5721 5723 5724
v 0.103500 0.507000 -0.304000
v 0.103500 0.509000 -0.302000
v 0.052500 0.509000 -0.302000
v 0.052500 0.507000 -0.304000
f 5725 5726 5727
f 5725 5727 5728
v 0.103500 0.515000 -0.312000
v 0.103500 0.513000 -0.314000
v 0.052500 0.513000 -0.314000
v 0.052500 0.515000 -0.312000
f 5729 5730 5731
f 5729 5731 5732
v 0.052500 0.515000 -0.304000
v 0.052500 0.513000 -0.302000
v 0.103500 0.513000 -0.302000
v 0.103500 0.515000 -0.304000
f 5733 5734 5735
f 5733 5735 5736
v 0.052500 0.509000 -0.314000
v 0.052500 0.507000 -0.312000
v 0.050500 0.509000 -0.312000
f 5737 5738 5739
v 0.050500 0.509000 -0.304000
v 0.052500 0.507000 -0.304000
v 0.052500 0.509000 -0.302000
f 5740 5741 5742
v 0.050500 0.513000 -0.312000
v 0.052500 0.515000 -0.312000
v 0.052500 0.513000 -0.314000
f 5743 5744 5745
v 0.052500 0.513000 -0.302000
v 0.052500 0.515000 -0.304000
v 0.050500 0.513000 -0.304000
f 5746 5747 5748
v 0.105500 0.509000 -0.312000
v 0.103500 0.507000 -0.312000
v 0.103500 0.509000 -0.314000
f 5749 5750 5751
v 0.103500 0.509000 -0.302000
v 0.103500 0.507000 -0.304000
v 0.105500 0.509000 -0.304000
f 5752 5753 5754
v 0.103500 0.513000 -0.314000
v 0.103500 0.515000 -0.312000
v 0.105500 0.513000 -0.312000
f 5755 5756 5757
v 0.105500 0.513000 -0.304000
v 0.103500 0.515000 -0.304000
v 0.103500 0.513000 -0.302000
f 5758 5759 5760
o Pack_vent_1_2
usemtl rubber
s off
v 0.050500 0.531000 -0.304000
v 0.050500 0.535000 -0.304000
v 0.050500 0.535000 -0.312000
v 0.050500 0.531000 -0.312000
f 5761 5762 5763
f 5761 5763 5764
v 0.105500 0.531000 -0.312000
v 0.105500 0.535000 -0.312000
v 0.105500 0.535000 -0.304000
v 0.105500 0.531000 -0.304000
f 5765 5766 5767
f 5765 5767 5768
v 0.052500 0.529000 -0.312000
v 0.103500 0.529000 -0.312000
v 0.103500 0.529000 -0.304000
v 0.052500 0.529000 -0.304000
f 5769 5770 5771
f 5769 5771 5772
v 0.052500 0.537000 -0.304000
v 0.103500 0.537000 -0.304000
v 0.103500 0.537000 -0.312000
v 0.052500 0.537000 -0.312000
f 5773 5774 5775
f 5773 5775 5776
v 0.052500 0.535000 -0.314000
v 0.103500 0.535000 -0.314000
v 0.103500 0.531000 -0.314000
v 0.052500 0.531000 -0.314000
f 5777 5778 5779
f 5777 5779 5780
v 0.052500 0.531000 -0.302000
v 0.103500 0.531000 -0.302000
v 0.103500 0.535000 -0.302000
v 0.052500 0.535000 -0.302000
f 5781 5782 5783
f 5781 5783 5784
v 0.050500 0.531000 -0.312000
v 0.052500 0.529000 -0.312000
v 0.052500 0.529000 -0.304000
v 0.050500 0.531000 -0.304000
f 5785 5786 5787
f 5785 5787 5788
v 0.050500 0.535000 -0.304000
v 0.052500 0.537000 -0.304000
v 0.052500 0.537000 -0.312000
v 0.050500 0.535000 -0.312000
f 5789 5790 5791
f 5789 5791 5792
v 0.105500 0.531000 -0.304000
v 0.103500 0.529000 -0.304000
v 0.103500 0.529000 -0.312000
v 0.105500 0.531000 -0.312000
f 5793 5794 5795
f 5793 5795 5796
v 0.105500 0.535000 -0.312000
v 0.103500 0.537000 -0.312000
v 0.103500 0.537000 -0.304000
v 0.105500 0.535000 -0.304000
f 5797 5798 5799
f 5797 5799 5800
v 0.050500 0.535000 -0.312000
v 0.052500 0.535000 -0.314000
v 0.052500 0.531000 -0.314000
v 0.050500 0.531000 -0.312000
f 5801 5802 5803
f 5801 5803 5804
v 0.050500 0.531000 -0.304000
v 0.052500 0.531000 -0.302000
v 0.052500 0.535000 -0.302000
v 0.050500 0.535000 -0.304000
f 5805 5806 5807
f 5805 5807 5808
v 0.105500 0.531000 -0.312000
v 0.103500 0.531000 -0.314000
v 0.103500 0.535000 -0.314000
v 0.105500 0.535000 -0.312000
f 5809 5810 5811
f 5809 5811 5812
v 0.105500 0.535000 -0.304000
v 0.103500 0.535000 -0.302000
v 0.103500 0.531000 -0.302000
v 0.105500 0.531000 -0.304000
f 5813 5814 5815
f 5813 5815 5816
v 0.052500 0.529000 -0.312000
v 0.052500 0.531000 -0.314000
v 0.103500 0.531000 -0.314000
v 0.103500 0.529000 -0.312000
f 5817 5818 5819
f 5817 5819 5820
v 0.103500 0.529000 -0.304000
v 0.103500 0.531000 -0.302000
v 0.052500 0.531000 -0.302000
v 0.052500 0.529000 -0.304000
f 5821 5822 5823
f 5821 5823 5824
v 0.103500 0.537000 -0.312000
v 0.103500 0.535000 -0.314000
v 0.052500 0.535000 -0.314000
v 0.052500 0.537000 -0.312000
f 5825 5826 5827
f 5825 5827 5828
v 0.052500 0.537000 -0.304000
v 0.052500 0.535000 -0.302000
v 0.103500 0.535000 -0.302000
v 0.103500 0.537000 -0.304000
f 5829 5830 5831
f 5829 5831 5832
v 0.052500 0.531000 -0.314000
v 0.052500 0.529000 -0.312000
v 0.050500 0.531000 -0.312000
f 5833 5834 5835
v 0.050500 0.531000 -0.304000
v 0.052500 0.529000 -0.304000
v 0.052500 0.531000 -0.302000
f 5836 5837 5838
v 0.050500 0.535000 -0.312000
v 0.052500 0.537000 -0.312000
v 0.052500 0.535000 -0.314000
f 5839 5840 5841
v 0.052500 0.535000 -0.302000
v 0.052500 0.537000 -0.304000
v 0.050500 0.535000 -0.304000
f 5842 5843 5844
v 0.105500 0.531000 -0.312000
v 0.103500 0.529000 -0.312000
v 0.103500 0.531000 -0.314000
f 5845 5846 5847
v 0.103500 0.531000 -0.302000
v 0.103500 0.529000 -0.304000
v 0.105500 0.531000 -0.304000
f 5848 5849 5850
v 0.103500 0.535000 -0.314000
v 0.103500 0.537000 -0.312000
v 0.105500 0.535000 -0.312000
f 5851 5852 5853
v 0.105500 0.535000 -0.304000
v 0.103500 0.537000 -0.304000
v 0.103500 0.535000 -0.302000
f 5854 5855 5856
o Case_mount
usemtl graphite
s off
v 0.150500 0.351000 -0.053000
v 0.150500 0.453000 -0.053000
v 0.150500 0.453000 -0.119000
v 0.150500 0.351000 -0.119000
f 5857 5858 5859
f 5857 5859 5860
v 0.241500 0.351000 -0.119000
v 0.241500 0.453000 -0.119000
v 0.241500 0.453000 -0.053000
v 0.241500 0.351000 -0.053000
f 5861 5862 5863
f 5861 5863 5864
v 0.160500 0.341000 -0.119000
v 0.231500 0.341000 -0.119000
v 0.231500 0.341000 -0.053000
v 0.160500 0.341000 -0.053000
f 5865 5866 5867
f 5865 5867 5868
v 0.160500 0.463000 -0.053000
v 0.231500 0.463000 -0.053000
v 0.231500 0.463000 -0.119000
v 0.160500 0.463000 -0.119000
f 5869 5870 5871
f 5869 5871 5872
v 0.160500 0.453000 -0.129000
v 0.231500 0.453000 -0.129000
v 0.231500 0.351000 -0.129000
v 0.160500 0.351000 -0.129000
f 5873 5874 5875
f 5873 5875 5876
v 0.160500 0.351000 -0.043000
v 0.231500 0.351000 -0.043000
v 0.231500 0.453000 -0.043000
v 0.160500 0.453000 -0.043000
f 5877 5878 5879
f 5877 5879 5880
v 0.150500 0.351000 -0.119000
v 0.160500 0.341000 -0.119000
v 0.160500 0.341000 -0.053000
v 0.150500 0.351000 -0.053000
f 5881 5882 5883
f 5881 5883 5884
v 0.150500 0.453000 -0.053000
v 0.160500 0.463000 -0.053000
v 0.160500 0.463000 -0.119000
v 0.150500 0.453000 -0.119000
f 5885 5886 5887
f 5885 5887 5888
v 0.241500 0.351000 -0.053000
v 0.231500 0.341000 -0.053000
v 0.231500 0.341000 -0.119000
v 0.241500 0.351000 -0.119000
f 5889 5890 5891
f 5889 5891 5892
v 0.241500 0.453000 -0.119000
v 0.231500 0.463000 -0.119000
v 0.231500 0.463000 -0.053000
v 0.241500 0.453000 -0.053000
f 5893 5894 5895
f 5893 5895 5896
v 0.150500 0.453000 -0.119000
v 0.160500 0.453000 -0.129000
v 0.160500 0.351000 -0.129000
v 0.150500 0.351000 -0.119000
f 5897 5898 5899
f 5897 5899 5900
v 0.150500 0.351000 -0.053000
v 0.160500 0.351000 -0.043000
v 0.160500 0.453000 -0.043000
v 0.150500 0.453000 -0.053000
f 5901 5902 5903
f 5901 5903 5904
v 0.241500 0.351000 -0.119000
v 0.231500 0.351000 -0.129000
v 0.231500 0.453000 -0.129000
v 0.241500 0.453000 -0.119000
f 5905 5906 5907
f 5905 5907 5908
v 0.241500 0.453000 -0.053000
v 0.231500 0.453000 -0.043000
v 0.231500 0.351000 -0.043000
v 0.241500 0.351000 -0.053000
f 5909 5910 5911
f 5909 5911 5912
v 0.160500 0.341000 -0.119000
v 0.160500 0.351000 -0.129000
v 0.231500 0.351000 -0.129000
v 0.231500 0.341000 -0.119000
f 5913 5914 5915
f 5913 5915 5916
v 0.231500 0.341000 -0.053000
v 0.231500 0.351000 -0.043000
v 0.160500 0.351000 -0.043000
v 0.160500 0.341000 -0.053000
f 5917 5918 5919
f 5917 5919 5920
v 0.231500 0.463000 -0.119000
v 0.231500 0.453000 -0.129000
v 0.160500 0.453000 -0.129000
v 0.160500 0.463000 -0.119000
f 5921 5922 5923
f 5921 5923 5924
v 0.160500 0.463000 -0.053000
v 0.160500 0.453000 -0.043000
v 0.231500 0.453000 -0.043000
v 0.231500 0.463000 -0.053000
f 5925 5926 5927
f 5925 5927 5928
v 0.160500 0.351000 -0.129000
v 0.160500 0.341000 -0.119000
v 0.150500 0.351000 -0.119000
f 5929 5930 5931
v 0.150500 0.351000 -0.053000
v 0.160500 0.341000 -0.053000
v 0.160500 0.351000 -0.043000
f 5932 5933 5934
v 0.150500 0.453000 -0.119000
v 0.160500 0.463000 -0.119000
v 0.160500 0.453000 -0.129000
f 5935 5936 5937
v 0.160500 0.453000 -0.043000
v 0.160500 0.463000 -0.053000
v 0.150500 0.453000 -0.053000
f 5938 5939 5940
v 0.241500 0.351000 -0.119000
v 0.231500 0.341000 -0.119000
v 0.231500 0.351000 -0.129000
f 5941 5942 5943
v 0.231500 0.351000 -0.043000
v 0.231500 0.341000 -0.053000
v 0.241500 0.351000 -0.053000
f 5944 5945 5946
v 0.231500 0.453000 -0.129000
v 0.231500 0.463000 -0.119000
v 0.241500 0.453000 -0.119000
f 5947 5948 5949
v 0.241500 0.453000 -0.053000
v 0.231500 0.463000 -0.053000
v 0.231500 0.453000 -0.043000
f 5950 5951 5952
o Sealed_case_frame
usemtl graphite
s off
v 0.210000 0.256500 -0.033500
v 0.210000 0.455500 -0.033500
v 0.210000 0.455500 -0.178500
v 0.210000 0.256500 -0.178500
f 5953 5954 5955
f 5953 5955 5956
v 0.396000 0.256500 -0.178500
v 0.396000 0.455500 -0.178500
v 0.396000 0.455500 -0.033500
v 0.396000 0.256500 -0.033500
f 5957 5958 5959
f 5957 5959 5960
v 0.234000 0.232500 -0.178500
v 0.372000 0.232500 -0.178500
v 0.372000 0.232500 -0.033500
v 0.234000 0.232500 -0.033500
f 5961 5962 5963
f 5961 5963 5964
v 0.234000 0.479500 -0.033500
v 0.372000 0.479500 -0.033500
v 0.372000 0.479500 -0.178500
v 0.234000 0.479500 -0.178500
f 5965 5966 5967
f 5965 5967 5968
v 0.234000 0.455500 -0.202500
v 0.372000 0.455500 -0.202500
v 0.372000 0.256500 -0.202500
v 0.234000 0.256500 -0.202500
f 5969 5970 5971
f 5969 5971 5972
v 0.234000 0.256500 -0.009500
v 0.372000 0.256500 -0.009500
v 0.372000 0.455500 -0.009500
v 0.234000 0.455500 -0.009500
f 5973 5974 5975
f 5973 5975 5976
v 0.210000 0.256500 -0.178500
v 0.234000 0.232500 -0.178500
v 0.234000 0.232500 -0.033500
v 0.210000 0.256500 -0.033500
f 5977 5978 5979
f 5977 5979 5980
v 0.210000 0.455500 -0.033500
v 0.234000 0.479500 -0.033500
v 0.234000 0.479500 -0.178500
v 0.210000 0.455500 -0.178500
f 5981 5982 5983
f 5981 5983 5984
v 0.396000 0.256500 -0.033500
v 0.372000 0.232500 -0.033500
v 0.372000 0.232500 -0.178500
v 0.396000 0.256500 -0.178500
f 5985 5986 5987
f 5985 5987 5988
v 0.396000 0.455500 -0.178500
v 0.372000 0.479500 -0.178500
v 0.372000 0.479500 -0.033500
v 0.396000 0.455500 -0.033500
f 5989 5990 5991
f 5989 5991 5992
v 0.210000 0.455500 -0.178500
v 0.234000 0.455500 -0.202500
v 0.234000 0.256500 -0.202500
v 0.210000 0.256500 -0.178500
f 5993 5994 5995
f 5993 5995 5996
v 0.210000 0.256500 -0.033500
v 0.234000 0.256500 -0.009500
v 0.234000 0.455500 -0.009500
v 0.210000 0.455500 -0.033500
f 5997 5998 5999
f 5997 5999 6000
v 0.396000 0.256500 -0.178500
v 0.372000 0.256500 -0.202500
v 0.372000 0.455500 -0.202500
v 0.396000 0.455500 -0.178500
f 6001 6002 6003
f 6001 6003 6004
v 0.396000 0.455500 -0.033500
v 0.372000 0.455500 -0.009500
v 0.372000 0.256500 -0.009500
v 0.396000 0.256500 -0.033500
f 6005 6006 6007
f 6005 6007 6008
v 0.234000 0.232500 -0.178500
v 0.234000 0.256500 -0.202500
v 0.372000 0.256500 -0.202500
v 0.372000 0.232500 -0.178500
f 6009 6010 6011
f 6009 6011 6012
v 0.372000 0.232500 -0.033500
v 0.372000 0.256500 -0.009500
v 0.234000 0.256500 -0.009500
v 0.234000 0.232500 -0.033500
f 6013 6014 6015
f 6013 6015 6016
v 0.372000 0.479500 -0.178500
v 0.372000 0.455500 -0.202500
v 0.234000 0.455500 -0.202500
v 0.234000 0.479500 -0.178500
f 6017 6018 6019
f 6017 6019 6020
v 0.234000 0.479500 -0.033500
v 0.234000 0.455500 -0.009500
v 0.372000 0.455500 -0.009500
v 0.372000 0.479500 -0.033500
f 6021 6022 6023
f 6021 6023 6024
v 0.234000 0.256500 -0.202500
v 0.234000 0.232500 -0.178500
v 0.210000 0.256500 -0.178500
f 6025 6026 6027
v 0.210000 0.256500 -0.033500
v 0.234000 0.232500 -0.033500
v 0.234000 0.256500 -0.009500
f 6028 6029 6030
v 0.210000 0.455500 -0.178500
v 0.234000 0.479500 -0.178500
v 0.234000 0.455500 -0.202500
f 6031 6032 6033
v 0.234000 0.455500 -0.009500
v 0.234000 0.479500 -0.033500
v 0.210000 0.455500 -0.033500
f 6034 6035 6036
v 0.396000 0.256500 -0.178500
v 0.372000 0.232500 -0.178500
v 0.372000 0.256500 -0.202500
f 6037 6038 6039
v 0.372000 0.256500 -0.009500
v 0.372000 0.232500 -0.033500
v 0.396000 0.256500 -0.033500
f 6040 6041 6042
v 0.372000 0.455500 -0.202500
v 0.372000 0.479500 -0.178500
v 0.396000 0.455500 -0.178500
f 6043 6044 6045
v 0.396000 0.455500 -0.033500
v 0.372000 0.479500 -0.033500
v 0.372000 0.455500 -0.009500
f 6046 6047 6048
o Sealed_case
usemtl brass
s off
v 0.224000 0.268000 -0.035500
v 0.224000 0.448000 -0.035500
v 0.224000 0.448000 -0.174500
v 0.224000 0.268000 -0.174500
f 6049 6050 6051
f 6049 6051 6052
v 0.396000 0.268000 -0.174500
v 0.396000 0.448000 -0.174500
v 0.396000 0.448000 -0.035500
v 0.396000 0.268000 -0.035500
f 6053 6054 6055
f 6053 6055 6056
v 0.245000 0.247000 -0.174500
v 0.375000 0.247000 -0.174500
v 0.375000 0.247000 -0.035500
v 0.245000 0.247000 -0.035500
f 6057 6058 6059
f 6057 6059 6060
v 0.245000 0.469000 -0.035500
v 0.375000 0.469000 -0.035500
v 0.375000 0.469000 -0.174500
v 0.245000 0.469000 -0.174500
f 6061 6062 6063
f 6061 6063 6064
v 0.245000 0.448000 -0.195500
v 0.375000 0.448000 -0.195500
v 0.375000 0.268000 -0.195500
v 0.245000 0.268000 -0.195500
f 6065 6066 6067
f 6065 6067 6068
v 0.245000 0.268000 -0.014500
v 0.375000 0.268000 -0.014500
v 0.375000 0.448000 -0.014500
v 0.245000 0.448000 -0.014500
f 6069 6070 6071
f 6069 6071 6072
v 0.224000 0.268000 -0.174500
v 0.245000 0.247000 -0.174500
v 0.245000 0.247000 -0.035500
v 0.224000 0.268000 -0.035500
f 6073 6074 6075
f 6073 6075 6076
v 0.224000 0.448000 -0.035500
v 0.245000 0.469000 -0.035500
v 0.245000 0.469000 -0.174500
v 0.224000 0.448000 -0.174500
f 6077 6078 6079
f 6077 6079 6080
v 0.396000 0.268000 -0.035500
v 0.375000 0.247000 -0.035500
v 0.375000 0.247000 -0.174500
v 0.396000 0.268000 -0.174500
f 6081 6082 6083
f 6081 6083 6084
v 0.396000 0.448000 -0.174500
v 0.375000 0.469000 -0.174500
v 0.375000 0.469000 -0.035500
v 0.396000 0.448000 -0.035500
f 6085 6086 6087
f 6085 6087 6088
v 0.224000 0.448000 -0.174500
v 0.245000 0.448000 -0.195500
v 0.245000 0.268000 -0.195500
v 0.224000 0.268000 -0.174500
f 6089 6090 6091
f 6089 6091 6092
v 0.224000 0.268000 -0.035500
v 0.245000 0.268000 -0.014500
v 0.245000 0.448000 -0.014500
v 0.224000 0.448000 -0.035500
f 6093 6094 6095
f 6093 6095 6096
v 0.396000 0.268000 -0.174500
v 0.375000 0.268000 -0.195500
v 0.375000 0.448000 -0.195500
v 0.396000 0.448000 -0.174500
f 6097 6098 6099
f 6097 6099 6100
v 0.396000 0.448000 -0.035500
v 0.375000 0.448000 -0.014500
v 0.375000 0.268000 -0.014500
v 0.396000 0.268000 -0.035500
f 6101 6102 6103
f 6101 6103 6104
v 0.245000 0.247000 -0.174500
v 0.245000 0.268000 -0.195500
v 0.375000 0.268000 -0.195500
v 0.375000 0.247000 -0.174500
f 6105 6106 6107
f 6105 6107 6108
v 0.375000 0.247000 -0.035500
v 0.375000 0.268000 -0.014500
v 0.245000 0.268000 -0.014500
v 0.245000 0.247000 -0.035500
f 6109 6110 6111
f 6109 6111 6112
v 0.375000 0.469000 -0.174500
v 0.375000 0.448000 -0.195500
v 0.245000 0.448000 -0.195500
v 0.245000 0.469000 -0.174500
f 6113 6114 6115
f 6113 6115 6116
v 0.245000 0.469000 -0.035500
v 0.245000 0.448000 -0.014500
v 0.375000 0.448000 -0.014500
v 0.375000 0.469000 -0.035500
f 6117 6118 6119
f 6117 6119 6120
v 0.245000 0.268000 -0.195500
v 0.245000 0.247000 -0.174500
v 0.224000 0.268000 -0.174500
f 6121 6122 6123
v 0.224000 0.268000 -0.035500
v 0.245000 0.247000 -0.035500
v 0.245000 0.268000 -0.014500
f 6124 6125 6126
v 0.224000 0.448000 -0.174500
v 0.245000 0.469000 -0.174500
v 0.245000 0.448000 -0.195500
f 6127 6128 6129
v 0.245000 0.448000 -0.014500
v 0.245000 0.469000 -0.035500
v 0.224000 0.448000 -0.035500
f 6130 6131 6132
v 0.396000 0.268000 -0.174500
v 0.375000 0.247000 -0.174500
v 0.375000 0.268000 -0.195500
f 6133 6134 6135
v 0.375000 0.268000 -0.014500
v 0.375000 0.247000 -0.035500
v 0.396000 0.268000 -0.035500
f 6136 6137 6138
v 0.375000 0.448000 -0.195500
v 0.375000 0.469000 -0.174500
v 0.396000 0.448000 -0.174500
f 6139 6140 6141
v 0.396000 0.448000 -0.035500
v 0.375000 0.469000 -0.035500
v 0.375000 0.448000 -0.014500
f 6142 6143 6144
o Case_outer_lid
usemtl brassLight
s off
v 0.390000 0.280000 -0.043500
v 0.390000 0.436000 -0.043500
v 0.390000 0.436000 -0.164500
v 0.390000 0.280000 -0.164500
f 6145 6146 6147
f 6145 6147 6148
v 0.414000 0.280000 -0.164500
v 0.414000 0.436000 -0.164500
v 0.414000 0.436000 -0.043500
v 0.414000 0.280000 -0.043500
f 6149 6150 6151
f 6149 6151 6152
v 0.399000 0.271000 -0.164500
v 0.405000 0.271000 -0.164500
v 0.405000 0.271000 -0.043500
v 0.399000 0.271000 -0.043500
f 6153 6154 6155
f 6153 6155 6156
v 0.399000 0.445000 -0.043500
v 0.405000 0.445000 -0.043500
v 0.405000 0.445000 -0.164500
v 0.399000 0.445000 -0.164500
f 6157 6158 6159
f 6157 6159 6160
v 0.399000 0.436000 -0.173500
v 0.405000 0.436000 -0.173500
v 0.405000 0.280000 -0.173500
v 0.399000 0.280000 -0.173500
f 6161 6162 6163
f 6161 6163 6164
v 0.399000 0.280000 -0.034500
v 0.405000 0.280000 -0.034500
v 0.405000 0.436000 -0.034500
v 0.399000 0.436000 -0.034500
f 6165 6166 6167
f 6165 6167 6168
v 0.390000 0.280000 -0.164500
v 0.399000 0.271000 -0.164500
v 0.399000 0.271000 -0.043500
v 0.390000 0.280000 -0.043500
f 6169 6170 6171
f 6169 6171 6172
v 0.390000 0.436000 -0.043500
v 0.399000 0.445000 -0.043500
v 0.399000 0.445000 -0.164500
v 0.390000 0.436000 -0.164500
f 6173 6174 6175
f 6173 6175 6176
v 0.414000 0.280000 -0.043500
v 0.405000 0.271000 -0.043500
v 0.405000 0.271000 -0.164500
v 0.414000 0.280000 -0.164500
f 6177 6178 6179
f 6177 6179 6180
v 0.414000 0.436000 -0.164500
v 0.405000 0.445000 -0.164500
v 0.405000 0.445000 -0.043500
v 0.414000 0.436000 -0.043500
f 6181 6182 6183
f 6181 6183 6184
v 0.390000 0.436000 -0.164500
v 0.399000 0.436000 -0.173500
v 0.399000 0.280000 -0.173500
v 0.390000 0.280000 -0.164500
f 6185 6186 6187
f 6185 6187 6188
v 0.390000 0.280000 -0.043500
v 0.399000 0.280000 -0.034500
v 0.399000 0.436000 -0.034500
v 0.390000 0.436000 -0.043500
f 6189 6190 6191
f 6189 6191 6192
v 0.414000 0.280000 -0.164500
v 0.405000 0.280000 -0.173500
v 0.405000 0.436000 -0.173500
v 0.414000 0.436000 -0.164500
f 6193 6194 6195
f 6193 6195 6196
v 0.414000 0.436000 -0.043500
v 0.405000 0.436000 -0.034500
v 0.405000 0.280000 -0.034500
v 0.414000 0.280000 -0.043500
f 6197 6198 6199
f 6197 6199 6200
v 0.399000 0.271000 -0.164500
v 0.399000 0.280000 -0.173500
v 0.405000 0.280000 -0.173500
v 0.405000 0.271000 -0.164500
f 6201 6202 6203
f 6201 6203 6204
v 0.405000 0.271000 -0.043500
v 0.405000 0.280000 -0.034500
v 0.399000 0.280000 -0.034500
v 0.399000 0.271000 -0.043500
f 6205 6206 6207
f 6205 6207 6208
v 0.405000 0.445000 -0.164500
v 0.405000 0.436000 -0.173500
v 0.399000 0.436000 -0.173500
v 0.399000 0.445000 -0.164500
f 6209 6210 6211
f 6209 6211 6212
v 0.399000 0.445000 -0.043500
v 0.399000 0.436000 -0.034500
v 0.405000 0.436000 -0.034500
v 0.405000 0.445000 -0.043500
f 6213 6214 6215
f 6213 6215 6216
v 0.399000 0.280000 -0.173500
v 0.399000 0.271000 -0.164500
v 0.390000 0.280000 -0.164500
f 6217 6218 6219
v 0.390000 0.280000 -0.043500
v 0.399000 0.271000 -0.043500
v 0.399000 0.280000 -0.034500
f 6220 6221 6222
v 0.390000 0.436000 -0.164500
v 0.399000 0.445000 -0.164500
v 0.399000 0.436000 -0.173500
f 6223 6224 6225
v 0.399000 0.436000 -0.034500
v 0.399000 0.445000 -0.043500
v 0.390000 0.436000 -0.043500
f 6226 6227 6228
v 0.414000 0.280000 -0.164500
v 0.405000 0.271000 -0.164500
v 0.405000 0.280000 -0.173500
f 6229 6230 6231
v 0.405000 0.280000 -0.034500
v 0.405000 0.271000 -0.043500
v 0.414000 0.280000 -0.043500
f 6232 6233 6234
v 0.405000 0.436000 -0.173500
v 0.405000 0.445000 -0.164500
v 0.414000 0.436000 -0.164500
f 6235 6236 6237
v 0.414000 0.436000 -0.043500
v 0.405000 0.445000 -0.043500
v 0.405000 0.436000 -0.034500
f 6238 6239 6240
o Case_top_seam
usemtl graphite
s off
v 0.231000 0.465000 -0.024500
v 0.231000 0.473000 -0.024500
v 0.231000 0.473000 -0.185500
v 0.231000 0.465000 -0.185500
f 6241 6242 6243
f 6241 6243 6244
v 0.389000 0.465000 -0.185500
v 0.389000 0.473000 -0.185500
v 0.389000 0.473000 -0.024500
v 0.389000 0.465000 -0.024500
f 6245 6246 6247
f 6245 6247 6248
v 0.235000 0.461000 -0.185500
v 0.385000 0.461000 -0.185500
v 0.385000 0.461000 -0.024500
v 0.235000 0.461000 -0.024500
f 6249 6250 6251
f 6249 6251 6252
v 0.235000 0.477000 -0.024500
v 0.385000 0.477000 -0.024500
v 0.385000 0.477000 -0.185500
v 0.235000 0.477000 -0.185500
f 6253 6254 6255
f 6253 6255 6256
v 0.235000 0.473000 -0.189500
v 0.385000 0.473000 -0.189500
v 0.385000 0.465000 -0.189500
v 0.235000 0.465000 -0.189500
f 6257 6258 6259
f 6257 6259 6260
v 0.235000 0.465000 -0.020500
v 0.385000 0.465000 -0.020500
v 0.385000 0.473000 -0.020500
v 0.235000 0.473000 -0.020500
f 6261 6262 6263
f 6261 6263 6264
v 0.231000 0.465000 -0.185500
v 0.235000 0.461000 -0.185500
v 0.235000 0.461000 -0.024500
v 0.231000 0.465000 -0.024500
f 6265 6266 6267
f 6265 6267 6268
v 0.231000 0.473000 -0.024500
v 0.235000 0.477000 -0.024500
v 0.235000 0.477000 -0.185500
v 0.231000 0.473000 -0.185500
f 6269 6270 6271
f 6269 6271 6272
v 0.389000 0.465000 -0.024500
v 0.385000 0.461000 -0.024500
v 0.385000 0.461000 -0.185500
v 0.389000 0.465000 -0.185500
f 6273 6274 6275
f 6273 6275 6276
v 0.389000 0.473000 -0.185500
v 0.385000 0.477000 -0.185500
v 0.385000 0.477000 -0.024500
v 0.389000 0.473000 -0.024500
f 6277 6278 6279
f 6277 6279 6280
v 0.231000 0.473000 -0.185500
v 0.235000 0.473000 -0.189500
v 0.235000 0.465000 -0.189500
v 0.231000 0.465000 -0.185500
f 6281 6282 6283
f 6281 6283 6284
v 0.231000 0.465000 -0.024500
v 0.235000 0.465000 -0.020500
v 0.235000 0.473000 -0.020500
v 0.231000 0.473000 -0.024500
f 6285 6286 6287
f 6285 6287 6288
v 0.389000 0.465000 -0.185500
v 0.385000 0.465000 -0.189500
v 0.385000 0.473000 -0.189500
v 0.389000 0.473000 -0.185500
f 6289 6290 6291
f 6289 6291 6292
v 0.389000 0.473000 -0.024500
v 0.385000 0.473000 -0.020500
v 0.385000 0.465000 -0.020500
v 0.389000 0.465000 -0.024500
f 6293 6294 6295
f 6293 6295 6296
v 0.235000 0.461000 -0.185500
v 0.235000 0.465000 -0.189500
v 0.385000 0.465000 -0.189500
v 0.385000 0.461000 -0.185500
f 6297 6298 6299
f 6297 6299 6300
v 0.385000 0.461000 -0.024500
v 0.385000 0.465000 -0.020500
v 0.235000 0.465000 -0.020500
v 0.235000 0.461000 -0.024500
f 6301 6302 6303
f 6301 6303 6304
v 0.385000 0.477000 -0.185500
v 0.385000 0.473000 -0.189500
v 0.235000 0.473000 -0.189500
v 0.235000 0.477000 -0.185500
f 6305 6306 6307
f 6305 6307 6308
v 0.235000 0.477000 -0.024500
v 0.235000 0.473000 -0.020500
v 0.385000 0.473000 -0.020500
v 0.385000 0.477000 -0.024500
f 6309 6310 6311
f 6309 6311 6312
v 0.235000 0.465000 -0.189500
v 0.235000 0.461000 -0.185500
v 0.231000 0.465000 -0.185500
f 6313 6314 6315
v 0.231000 0.465000 -0.024500
v 0.235000 0.461000 -0.024500
v 0.235000 0.465000 -0.020500
f 6316 6317 6318
v 0.231000 0.473000 -0.185500
v 0.235000 0.477000 -0.185500
v 0.235000 0.473000 -0.189500
f 6319 6320 6321
v 0.235000 0.473000 -0.020500
v 0.235000 0.477000 -0.024500
v 0.231000 0.473000 -0.024500
f 6322 6323 6324
v 0.389000 0.465000 -0.185500
v 0.385000 0.461000 -0.185500
v 0.385000 0.465000 -0.189500
f 6325 6326 6327
v 0.385000 0.465000 -0.020500
v 0.385000 0.461000 -0.024500
v 0.389000 0.465000 -0.024500
f 6328 6329 6330
v 0.385000 0.473000 -0.189500
v 0.385000 0.477000 -0.185500
v 0.389000 0.473000 -0.185500
f 6331 6332 6333
v 0.389000 0.473000 -0.024500
v 0.385000 0.477000 -0.024500
v 0.385000 0.473000 -0.020500
f 6334 6335 6336
o Case_front_latch
usemtl graphite
s off
v 0.276500 0.374000 -0.002500
v 0.276500 0.420000 -0.002500
v 0.276500 0.420000 -0.011500
v 0.276500 0.374000 -0.011500
f 6337 6338 6339
f 6337 6339 6340
v 0.337500 0.374000 -0.011500
v 0.337500 0.420000 -0.011500
v 0.337500 0.420000 -0.002500
v 0.337500 0.374000 -0.002500
f 6341 6342 6343
f 6341 6343 6344
v 0.282500 0.368000 -0.011500
v 0.331500 0.368000 -0.011500
v 0.331500 0.368000 -0.002500
v 0.282500 0.368000 -0.002500
f 6345 6346 6347
f 6345 6347 6348
v 0.282500 0.426000 -0.002500
v 0.331500 0.426000 -0.002500
v 0.331500 0.426000 -0.011500
v 0.282500 0.426000 -0.011500
f 6349 6350 6351
f 6349 6351 6352
v 0.282500 0.420000 -0.017500
v 0.331500 0.420000 -0.017500
v 0.331500 0.374000 -0.017500
v 0.282500 0.374000 -0.017500
f 6353 6354 6355
f 6353 6355 6356
v 0.282500 0.374000 0.003500
v 0.331500 0.374000 0.003500
v 0.331500 0.420000 0.003500
v 0.282500 0.420000 0.003500
f 6357 6358 6359
f 6357 6359 6360
v 0.276500 0.374000 -0.011500
v 0.282500 0.368000 -0.011500
v 0.282500 0.368000 -0.002500
v 0.276500 0.374000 -0.002500
f 6361 6362 6363
f 6361 6363 6364
v 0.276500 0.420000 -0.002500
v 0.282500 0.426000 -0.002500
v 0.282500 0.426000 -0.011500
v 0.276500 0.420000 -0.011500
f 6365 6366 6367
f 6365 6367 6368
v 0.337500 0.374000 -0.002500
v 0.331500 0.368000 -0.002500
v 0.331500 0.368000 -0.011500
v 0.337500 0.374000 -0.011500
f 6369 6370 6371
f 6369 6371 6372
v 0.337500 0.420000 -0.011500
v 0.331500 0.426000 -0.011500
v 0.331500 0.426000 -0.002500
v 0.337500 0.420000 -0.002500
f 6373 6374 6375
f 6373 6375 6376
v 0.276500 0.420000 -0.011500
v 0.282500 0.420000 -0.017500
v 0.282500 0.374000 -0.017500
v 0.276500 0.374000 -0.011500
f 6377 6378 6379
f 6377 6379 6380
v 0.276500 0.374000 -0.002500
v 0.282500 0.374000 0.003500
v 0.282500 0.420000 0.003500
v 0.276500 0.420000 -0.002500
f 6381 6382 6383
f 6381 6383 6384
v 0.337500 0.374000 -0.011500
v 0.331500 0.374000 -0.017500
v 0.331500 0.420000 -0.017500
v 0.337500 0.420000 -0.011500
f 6385 6386 6387
f 6385 6387 6388
v 0.337500 0.420000 -0.002500
v 0.331500 0.420000 0.003500
v 0.331500 0.374000 0.003500
v 0.337500 0.374000 -0.002500
f 6389 6390 6391
f 6389 6391 6392
v 0.282500 0.368000 -0.011500
v 0.282500 0.374000 -0.017500
v 0.331500 0.374000 -0.017500
v 0.331500 0.368000 -0.011500
f 6393 6394 6395
f 6393 6395 6396
v 0.331500 0.368000 -0.002500
v 0.331500 0.374000 0.003500
v 0.282500 0.374000 0.003500
v 0.282500 0.368000 -0.002500
f 6397 6398 6399
f 6397 6399 6400
v 0.331500 0.426000 -0.011500
v 0.331500 0.420000 -0.017500
v 0.282500 0.420000 -0.017500
v 0.282500 0.426000 -0.011500
f 6401 6402 6403
f 6401 6403 6404
v 0.282500 0.426000 -0.002500
v 0.282500 0.420000 0.003500
v 0.331500 0.420000 0.003500
v 0.331500 0.426000 -0.002500
f 6405 6406 6407
f 6405 6407 6408
v 0.282500 0.374000 -0.017500
v 0.282500 0.368000 -0.011500
v 0.276500 0.374000 -0.011500
f 6409 6410 6411
v 0.276500 0.374000 -0.002500
v 0.282500 0.368000 -0.002500
v 0.282500 0.374000 0.003500
f 6412 6413 6414
v 0.276500 0.420000 -0.011500
v 0.282500 0.426000 -0.011500
v 0.282500 0.420000 -0.017500
f 6415 6416 6417
v 0.282500 0.420000 0.003500
v 0.282500 0.426000 -0.002500
v 0.276500 0.420000 -0.002500
f 6418 6419 6420
v 0.337500 0.374000 -0.011500
v 0.331500 0.368000 -0.011500
v 0.331500 0.374000 -0.017500
f 6421 6422 6423
v 0.331500 0.374000 0.003500
v 0.331500 0.368000 -0.002500
v 0.337500 0.374000 -0.002500
f 6424 6425 6426
v 0.331500 0.420000 -0.017500
v 0.331500 0.426000 -0.011500
v 0.337500 0.420000 -0.011500
f 6427 6428 6429
v 0.337500 0.420000 -0.002500
v 0.331500 0.426000 -0.002500
v 0.331500 0.420000 0.003500
f 6430 6431 6432
o Case_latch_plate
usemtl brassLight
s off
v 0.289500 0.381500 0.007500
v 0.289500 0.412500 0.007500
v 0.289500 0.412500 0.004500
v 0.289500 0.381500 0.004500
f 6433 6434 6435
f 6433 6435 6436
v 0.324500 0.381500 0.004500
v 0.324500 0.412500 0.004500
v 0.324500 0.412500 0.007500
v 0.324500 0.381500 0.007500
f 6437 6438 6439
f 6437 6439 6440
v 0.292500 0.378500 0.004500
v 0.321500 0.378500 0.004500
v 0.321500 0.378500 0.007500
v 0.292500 0.378500 0.007500
f 6441 6442 6443
f 6441 6443 6444
v 0.292500 0.415500 0.007500
v 0.321500 0.415500 0.007500
v 0.321500 0.415500 0.004500
v 0.292500 0.415500 0.004500
f 6445 6446 6447
f 6445 6447 6448
v 0.292500 0.412500 0.001500
v 0.321500 0.412500 0.001500
v 0.321500 0.381500 0.001500
v 0.292500 0.381500 0.001500
f 6449 6450 6451
f 6449 6451 6452
v 0.292500 0.381500 0.010500
v 0.321500 0.381500 0.010500
v 0.321500 0.412500 0.010500
v 0.292500 0.412500 0.010500
f 6453 6454 6455
f 6453 6455 6456
v 0.289500 0.381500 0.004500
v 0.292500 0.378500 0.004500
v 0.292500 0.378500 0.007500
v 0.289500 0.381500 0.007500
f 6457 6458 6459
f 6457 6459 6460
v 0.289500 0.412500 0.007500
v 0.292500 0.415500 0.007500
v 0.292500 0.415500 0.004500
v 0.289500 0.412500 0.004500
f 6461 6462 6463
f 6461 6463 6464
v 0.324500 0.381500 0.007500
v 0.321500 0.378500 0.007500
v 0.321500 0.378500 0.004500
v 0.324500 0.381500 0.004500
f 6465 6466 6467
f 6465 6467 6468
v 0.324500 0.412500 0.004500
v 0.321500 0.415500 0.004500
v 0.321500 0.415500 0.007500
v 0.324500 0.412500 0.007500
f 6469 6470 6471
f 6469 6471 6472
v 0.289500 0.412500 0.004500
v 0.292500 0.412500 0.001500
v 0.292500 0.381500 0.001500
v 0.289500 0.381500 0.004500
f 6473 6474 6475
f 6473 6475 6476
v 0.289500 0.381500 0.007500
v 0.292500 0.381500 0.010500
v 0.292500 0.412500 0.010500
v 0.289500 0.412500 0.007500
f 6477 6478 6479
f 6477 6479 6480
v 0.324500 0.381500 0.004500
v 0.321500 0.381500 0.001500
v 0.321500 0.412500 0.001500
v 0.324500 0.412500 0.004500
f 6481 6482 6483
f 6481 6483 6484
v 0.324500 0.412500 0.007500
v 0.321500 0.412500 0.010500
v 0.321500 0.381500 0.010500
v 0.324500 0.381500 0.007500
f 6485 6486 6487
f 6485 6487 6488
v 0.292500 0.378500 0.004500
v 0.292500 0.381500 0.001500
v 0.321500 0.381500 0.001500
v 0.321500 0.378500 0.004500
f 6489 6490 6491
f 6489 6491 6492
v 0.321500 0.378500 0.007500
v 0.321500 0.381500 0.010500
v 0.292500 0.381500 0.010500
v 0.292500 0.378500 0.007500
f 6493 6494 6495
f 6493 6495 6496
v 0.321500 0.415500 0.004500
v 0.321500 0.412500 0.001500
v 0.292500 0.412500 0.001500
v 0.292500 0.415500 0.004500
f 6497 6498 6499
f 6497 6499 6500
v 0.292500 0.415500 0.007500
v 0.292500 0.412500 0.010500
v 0.321500 0.412500 0.010500
v 0.321500 0.415500 0.007500
f 6501 6502 6503
f 6501 6503 6504
v 0.292500 0.381500 0.001500
v 0.292500 0.378500 0.004500
v 0.289500 0.381500 0.004500
f 6505 6506 6507
v 0.289500 0.381500 0.007500
v 0.292500 0.378500 0.007500
v 0.292500 0.381500 0.010500
f 6508 6509 6510
v 0.289500 0.412500 0.004500
v 0.292500 0.415500 0.004500
v 0.292500 0.412500 0.001500
f 6511 6512 6513
v 0.292500 0.412500 0.010500
v 0.292500 0.415500 0.007500
v 0.289500 0.412500 0.007500
f 6514 6515 6516
v 0.324500 0.381500 0.004500
v 0.321500 0.378500 0.004500
v 0.321500 0.381500 0.001500
f 6517 6518 6519
v 0.321500 0.381500 0.010500
v 0.321500 0.378500 0.007500
v 0.324500 0.381500 0.007500
f 6520 6521 6522
v 0.321500 0.412500 0.001500
v 0.321500 0.415500 0.004500
v 0.324500 0.412500 0.004500
f 6523 6524 6525
v 0.324500 0.412500 0.007500
v 0.321500 0.415500 0.007500
v 0.321500 0.412500 0.010500
f 6526 6527 6528
o Case_inspection_seal
usemtl seal
s off
v 0.415000 0.342000 -0.086000
v 0.415000 0.424000 -0.086000
v 0.415000 0.424000 -0.122000
v 0.415000 0.342000 -0.122000
f 6529 6530 6531
f 6529 6531 6532
v 0.421000 0.342000 -0.122000
v 0.421000 0.424000 -0.122000
v 0.421000 0.424000 -0.086000
v 0.421000 0.342000 -0.086000
f 6533 6534 6535
f 6533 6535 6536
v 0.417000 0.340000 -0.122000
v 0.419000 0.340000 -0.122000
v 0.419000 0.340000 -0.086000
v 0.417000 0.340000 -0.086000
f 6537 6538 6539
f 6537 6539 6540
v 0.417000 0.426000 -0.086000
v 0.419000 0.426000 -0.086000
v 0.419000 0.426000 -0.122000
v 0.417000 0.426000 -0.122000
f 6541 6542 6543
f 6541 6543 6544
v 0.417000 0.424000 -0.124000
v 0.419000 0.424000 -0.124000
v 0.419000 0.342000 -0.124000
v 0.417000 0.342000 -0.124000
f 6545 6546 6547
f 6545 6547 6548
v 0.417000 0.342000 -0.084000
v 0.419000 0.342000 -0.084000
v 0.419000 0.424000 -0.084000
v 0.417000 0.424000 -0.084000
f 6549 6550 6551
f 6549 6551 6552
v 0.415000 0.342000 -0.122000
v 0.417000 0.340000 -0.122000
v 0.417000 0.340000 -0.086000
v 0.415000 0.342000 -0.086000
f 6553 6554 6555
f 6553 6555 6556
v 0.415000 0.424000 -0.086000
v 0.417000 0.426000 -0.086000
v 0.417000 0.426000 -0.122000
v 0.415000 0.424000 -0.122000
f 6557 6558 6559
f 6557 6559 6560
v 0.421000 0.342000 -0.086000
v 0.419000 0.340000 -0.086000
v 0.419000 0.340000 -0.122000
v 0.421000 0.342000 -0.122000
f 6561 6562 6563
f 6561 6563 6564
v 0.421000 0.424000 -0.122000
v 0.419000 0.426000 -0.122000
v 0.419000 0.426000 -0.086000
v 0.421000 0.424000 -0.086000
f 6565 6566 6567
f 6565 6567 6568
v 0.415000 0.424000 -0.122000
v 0.417000 0.424000 -0.124000
v 0.417000 0.342000 -0.124000
v 0.415000 0.342000 -0.122000
f 6569 6570 6571
f 6569 6571 6572
v 0.415000 0.342000 -0.086000
v 0.417000 0.342000 -0.084000
v 0.417000 0.424000 -0.084000
v 0.415000 0.424000 -0.086000
f 6573 6574 6575
f 6573 6575 6576
v 0.421000 0.342000 -0.122000
v 0.419000 0.342000 -0.124000
v 0.419000 0.424000 -0.124000
v 0.421000 0.424000 -0.122000
f 6577 6578 6579
f 6577 6579 6580
v 0.421000 0.424000 -0.086000
v 0.419000 0.424000 -0.084000
v 0.419000 0.342000 -0.084000
v 0.421000 0.342000 -0.086000
f 6581 6582 6583
f 6581 6583 6584
v 0.417000 0.340000 -0.122000
v 0.417000 0.342000 -0.124000
v 0.419000 0.342000 -0.124000
v 0.419000 0.340000 -0.122000
f 6585 6586 6587
f 6585 6587 6588
v 0.419000 0.340000 -0.086000
v 0.419000 0.342000 -0.084000
v 0.417000 0.342000 -0.084000
v 0.417000 0.340000 -0.086000
f 6589 6590 6591
f 6589 6591 6592
v 0.419000 0.426000 -0.122000
v 0.419000 0.424000 -0.124000
v 0.417000 0.424000 -0.124000
v 0.417000 0.426000 -0.122000
f 6593 6594 6595
f 6593 6595 6596
v 0.417000 0.426000 -0.086000
v 0.417000 0.424000 -0.084000
v 0.419000 0.424000 -0.084000
v 0.419000 0.426000 -0.086000
f 6597 6598 6599
f 6597 6599 6600
v 0.417000 0.342000 -0.124000
v 0.417000 0.340000 -0.122000
v 0.415000 0.342000 -0.122000
f 6601 6602 6603
v 0.415000 0.342000 -0.086000
v 0.417000 0.340000 -0.086000
v 0.417000 0.342000 -0.084000
f 6604 6605 6606
v 0.415000 0.424000 -0.122000
v 0.417000 0.426000 -0.122000
v 0.417000 0.424000 -0.124000
f 6607 6608 6609
v 0.417000 0.424000 -0.084000
v 0.417000 0.426000 -0.086000
v 0.415000 0.424000 -0.086000
f 6610 6611 6612
v 0.421000 0.342000 -0.122000
v 0.419000 0.340000 -0.122000
v 0.419000 0.342000 -0.124000
f 6613 6614 6615
v 0.419000 0.342000 -0.084000
v 0.419000 0.340000 -0.086000
v 0.421000 0.342000 -0.086000
f 6616 6617 6618
v 0.419000 0.424000 -0.124000
v 0.419000 0.426000 -0.122000
v 0.421000 0.424000 -0.122000
f 6619 6620 6621
v 0.421000 0.424000 -0.086000
v 0.419000 0.426000 -0.086000
v 0.419000 0.424000 -0.084000
f 6622 6623 6624
o Case_inspection_mark
usemtl graphite
s off
v 0.420000 0.390500 -0.092500
v 0.420000 0.395500 -0.092500
v 0.420000 0.395500 -0.115500
v 0.420000 0.390500 -0.115500
f 6625 6626 6627
f 6625 6627 6628
v 0.424000 0.390500 -0.115500
v 0.424000 0.395500 -0.115500
v 0.424000 0.395500 -0.092500
v 0.424000 0.390500 -0.092500
f 6629 6630 6631
f 6629 6631 6632
v 0.421000 0.389500 -0.115500
v 0.423000 0.389500 -0.115500
v 0.423000 0.389500 -0.092500
v 0.421000 0.389500 -0.092500
f 6633 6634 6635
f 6633 6635 6636
v 0.421000 0.396500 -0.092500
v 0.423000 0.396500 -0.092500
v 0.423000 0.396500 -0.115500
v 0.421000 0.396500 -0.115500
f 6637 6638 6639
f 6637 6639 6640
v 0.421000 0.395500 -0.116500
v 0.423000 0.395500 -0.116500
v 0.423000 0.390500 -0.116500
v 0.421000 0.390500 -0.116500
f 6641 6642 6643
f 6641 6643 6644
v 0.421000 0.390500 -0.091500
v 0.423000 0.390500 -0.091500
v 0.423000 0.395500 -0.091500
v 0.421000 0.395500 -0.091500
f 6645 6646 6647
f 6645 6647 6648
v 0.420000 0.390500 -0.115500
v 0.421000 0.389500 -0.115500
v 0.421000 0.389500 -0.092500
v 0.420000 0.390500 -0.092500
f 6649 6650 6651
f 6649 6651 6652
v 0.420000 0.395500 -0.092500
v 0.421000 0.396500 -0.092500
v 0.421000 0.396500 -0.115500
v 0.420000 0.395500 -0.115500
f 6653 6654 6655
f 6653 6655 6656
v 0.424000 0.390500 -0.092500
v 0.423000 0.389500 -0.092500
v 0.423000 0.389500 -0.115500
v 0.424000 0.390500 -0.115500
f 6657 6658 6659
f 6657 6659 6660
v 0.424000 0.395500 -0.115500
v 0.423000 0.396500 -0.115500
v 0.423000 0.396500 -0.092500
v 0.424000 0.395500 -0.092500
f 6661 6662 6663
f 6661 6663 6664
v 0.420000 0.395500 -0.115500
v 0.421000 0.395500 -0.116500
v 0.421000 0.390500 -0.116500
v 0.420000 0.390500 -0.115500
f 6665 6666 6667
f 6665 6667 6668
v 0.420000 0.390500 -0.092500
v 0.421000 0.390500 -0.091500
v 0.421000 0.395500 -0.091500
v 0.420000 0.395500 -0.092500
f 6669 6670 6671
f 6669 6671 6672
v 0.424000 0.390500 -0.115500
v 0.423000 0.390500 -0.116500
v 0.423000 0.395500 -0.116500
v 0.424000 0.395500 -0.115500
f 6673 6674 6675
f 6673 6675 6676
v 0.424000 0.395500 -0.092500
v 0.423000 0.395500 -0.091500
v 0.423000 0.390500 -0.091500
v 0.424000 0.390500 -0.092500
f 6677 6678 6679
f 6677 6679 6680
v 0.421000 0.389500 -0.115500
v 0.421000 0.390500 -0.116500
v 0.423000 0.390500 -0.116500
v 0.423000 0.389500 -0.115500
f 6681 6682 6683
f 6681 6683 6684
v 0.423000 0.389500 -0.092500
v 0.423000 0.390500 -0.091500
v 0.421000 0.390500 -0.091500
v 0.421000 0.389500 -0.092500
f 6685 6686 6687
f 6685 6687 6688
v 0.423000 0.396500 -0.115500
v 0.423000 0.395500 -0.116500
v 0.421000 0.395500 -0.116500
v 0.421000 0.396500 -0.115500
f 6689 6690 6691
f 6689 6691 6692
v 0.421000 0.396500 -0.092500
v 0.421000 0.395500 -0.091500
v 0.423000 0.395500 -0.091500
v 0.423000 0.396500 -0.092500
f 6693 6694 6695
f 6693 6695 6696
v 0.421000 0.390500 -0.116500
v 0.421000 0.389500 -0.115500
v 0.420000 0.390500 -0.115500
f 6697 6698 6699
v 0.420000 0.390500 -0.092500
v 0.421000 0.389500 -0.092500
v 0.421000 0.390500 -0.091500
f 6700 6701 6702
v 0.420000 0.395500 -0.115500
v 0.421000 0.396500 -0.115500
v 0.421000 0.395500 -0.116500
f 6703 6704 6705
v 0.421000 0.395500 -0.091500
v 0.421000 0.396500 -0.092500
v 0.420000 0.395500 -0.092500
f 6706 6707 6708
v 0.424000 0.390500 -0.115500
v 0.423000 0.389500 -0.115500
v 0.423000 0.390500 -0.116500
f 6709 6710 6711
v 0.423000 0.390500 -0.091500
v 0.423000 0.389500 -0.092500
v 0.424000 0.390500 -0.092500
f 6712 6713 6714
v 0.423000 0.395500 -0.116500
v 0.423000 0.396500 -0.115500
v 0.424000 0.395500 -0.115500
f 6715 6716 6717
v 0.424000 0.395500 -0.092500
v 0.423000 0.396500 -0.092500
v 0.423000 0.395500 -0.091500
f 6718 6719 6720
o Case_serial_mark_A
usemtl graphite
s off
v 0.419000 0.327500 -0.081000
v 0.419000 0.330500 -0.081000
v 0.419000 0.330500 -0.091000
v 0.419000 0.327500 -0.091000
f 6721 6722 6723
f 6721 6723 6724
v 0.423000 0.327500 -0.091000
v 0.423000 0.330500 -0.091000
v 0.423000 0.330500 -0.081000
v 0.423000 0.327500 -0.081000
f 6725 6726 6727
f 6725 6727 6728
v 0.420000 0.326500 -0.091000
v 0.422000 0.326500 -0.091000
v 0.422000 0.326500 -0.081000
v 0.420000 0.326500 -0.081000
f 6729 6730 6731
f 6729 6731 6732
v 0.420000 0.331500 -0.081000
v 0.422000 0.331500 -0.081000
v 0.422000 0.331500 -0.091000
v 0.420000 0.331500 -0.091000
f 6733 6734 6735
f 6733 6735 6736
v 0.420000 0.330500 -0.092000
v 0.422000 0.330500 -0.092000
v 0.422000 0.327500 -0.092000
v 0.420000 0.327500 -0.092000
f 6737 6738 6739
f 6737 6739 6740
v 0.420000 0.327500 -0.080000
v 0.422000 0.327500 -0.080000
v 0.422000 0.330500 -0.080000
v 0.420000 0.330500 -0.080000
f 6741 6742 6743
f 6741 6743 6744
v 0.419000 0.327500 -0.091000
v 0.420000 0.326500 -0.091000
v 0.420000 0.326500 -0.081000
v 0.419000 0.327500 -0.081000
f 6745 6746 6747
f 6745 6747 6748
v 0.419000 0.330500 -0.081000
v 0.420000 0.331500 -0.081000
v 0.420000 0.331500 -0.091000
v 0.419000 0.330500 -0.091000
f 6749 6750 6751
f 6749 6751 6752
v 0.423000 0.327500 -0.081000
v 0.422000 0.326500 -0.081000
v 0.422000 0.326500 -0.091000
v 0.423000 0.327500 -0.091000
f 6753 6754 6755
f 6753 6755 6756
v 0.423000 0.330500 -0.091000
v 0.422000 0.331500 -0.091000
v 0.422000 0.331500 -0.081000
v 0.423000 0.330500 -0.081000
f 6757 6758 6759
f 6757 6759 6760
v 0.419000 0.330500 -0.091000
v 0.420000 0.330500 -0.092000
v 0.420000 0.327500 -0.092000
v 0.419000 0.327500 -0.091000
f 6761 6762 6763
f 6761 6763 6764
v 0.419000 0.327500 -0.081000
v 0.420000 0.327500 -0.080000
v 0.420000 0.330500 -0.080000
v 0.419000 0.330500 -0.081000
f 6765 6766 6767
f 6765 6767 6768
v 0.423000 0.327500 -0.091000
v 0.422000 0.327500 -0.092000
v 0.422000 0.330500 -0.092000
v 0.423000 0.330500 -0.091000
f 6769 6770 6771
f 6769 6771 6772
v 0.423000 0.330500 -0.081000
v 0.422000 0.330500 -0.080000
v 0.422000 0.327500 -0.080000
v 0.423000 0.327500 -0.081000
f 6773 6774 6775
f 6773 6775 6776
v 0.420000 0.326500 -0.091000
v 0.420000 0.327500 -0.092000
v 0.422000 0.327500 -0.092000
v 0.422000 0.326500 -0.091000
f 6777 6778 6779
f 6777 6779 6780
v 0.422000 0.326500 -0.081000
v 0.422000 0.327500 -0.080000
v 0.420000 0.327500 -0.080000
v 0.420000 0.326500 -0.081000
f 6781 6782 6783
f 6781 6783 6784
v 0.422000 0.331500 -0.091000
v 0.422000 0.330500 -0.092000
v 0.420000 0.330500 -0.092000
v 0.420000 0.331500 -0.091000
f 6785 6786 6787
f 6785 6787 6788
v 0.420000 0.331500 -0.081000
v 0.420000 0.330500 -0.080000
v 0.422000 0.330500 -0.080000
v 0.422000 0.331500 -0.081000
f 6789 6790 6791
f 6789 6791 6792
v 0.420000 0.327500 -0.092000
v 0.420000 0.326500 -0.091000
v 0.419000 0.327500 -0.091000
f 6793 6794 6795
v 0.419000 0.327500 -0.081000
v 0.420000 0.326500 -0.081000
v 0.420000 0.327500 -0.080000
f 6796 6797 6798
v 0.419000 0.330500 -0.091000
v 0.420000 0.331500 -0.091000
v 0.420000 0.330500 -0.092000
f 6799 6800 6801
v 0.420000 0.330500 -0.080000
v 0.420000 0.331500 -0.081000
v 0.419000 0.330500 -0.081000
f 6802 6803 6804
v 0.423000 0.327500 -0.091000
v 0.422000 0.326500 -0.091000
v 0.422000 0.327500 -0.092000
f 6805 6806 6807
v 0.422000 0.327500 -0.080000
v 0.422000 0.326500 -0.081000
v 0.423000 0.327500 -0.081000
f 6808 6809 6810
v 0.422000 0.330500 -0.092000
v 0.422000 0.331500 -0.091000
v 0.423000 0.330500 -0.091000
f 6811 6812 6813
v 0.423000 0.330500 -0.081000
v 0.422000 0.331500 -0.081000
v 0.422000 0.330500 -0.080000
f 6814 6815 6816
o Case_serial_mark_B
usemtl graphite
s off
v 0.419000 0.327500 -0.102500
v 0.419000 0.330500 -0.102500
v 0.419000 0.330500 -0.113500
v 0.419000 0.327500 -0.113500
f 6817 6818 6819
f 6817 6819 6820
v 0.423000 0.327500 -0.113500
v 0.423000 0.330500 -0.113500
v 0.423000 0.330500 -0.102500
v 0.423000 0.327500 -0.102500
f 6821 6822 6823
f 6821 6823 6824
v 0.420000 0.326500 -0.113500
v 0.422000 0.326500 -0.113500
v 0.422000 0.326500 -0.102500
v 0.420000 0.326500 -0.102500
f 6825 6826 6827
f 6825 6827 6828
v 0.420000 0.331500 -0.102500
v 0.422000 0.331500 -0.102500
v 0.422000 0.331500 -0.113500
v 0.420000 0.331500 -0.113500
f 6829 6830 6831
f 6829 6831 6832
v 0.420000 0.330500 -0.114500
v 0.422000 0.330500 -0.114500
v 0.422000 0.327500 -0.114500
v 0.420000 0.327500 -0.114500
f 6833 6834 6835
f 6833 6835 6836
v 0.420000 0.327500 -0.101500
v 0.422000 0.327500 -0.101500
v 0.422000 0.330500 -0.101500
v 0.420000 0.330500 -0.101500
f 6837 6838 6839
f 6837 6839 6840
v 0.419000 0.327500 -0.113500
v 0.420000 0.326500 -0.113500
v 0.420000 0.326500 -0.102500
v 0.419000 0.327500 -0.102500
f 6841 6842 6843
f 6841 6843 6844
v 0.419000 0.330500 -0.102500
v 0.420000 0.331500 -0.102500
v 0.420000 0.331500 -0.113500
v 0.419000 0.330500 -0.113500
f 6845 6846 6847
f 6845 6847 6848
v 0.423000 0.327500 -0.102500
v 0.422000 0.326500 -0.102500
v 0.422000 0.326500 -0.113500
v 0.423000 0.327500 -0.113500
f 6849 6850 6851
f 6849 6851 6852
v 0.423000 0.330500 -0.113500
v 0.422000 0.331500 -0.113500
v 0.422000 0.331500 -0.102500
v 0.423000 0.330500 -0.102500
f 6853 6854 6855
f 6853 6855 6856
v 0.419000 0.330500 -0.113500
v 0.420000 0.330500 -0.114500
v 0.420000 0.327500 -0.114500
v 0.419000 0.327500 -0.113500
f 6857 6858 6859
f 6857 6859 6860
v 0.419000 0.327500 -0.102500
v 0.420000 0.327500 -0.101500
v 0.420000 0.330500 -0.101500
v 0.419000 0.330500 -0.102500
f 6861 6862 6863
f 6861 6863 6864
v 0.423000 0.327500 -0.113500
v 0.422000 0.327500 -0.114500
v 0.422000 0.330500 -0.114500
v 0.423000 0.330500 -0.113500
f 6865 6866 6867
f 6865 6867 6868
v 0.423000 0.330500 -0.102500
v 0.422000 0.330500 -0.101500
v 0.422000 0.327500 -0.101500
v 0.423000 0.327500 -0.102500
f 6869 6870 6871
f 6869 6871 6872
v 0.420000 0.326500 -0.113500
v 0.420000 0.327500 -0.114500
v 0.422000 0.327500 -0.114500
v 0.422000 0.326500 -0.113500
f 6873 6874 6875
f 6873 6875 6876
v 0.422000 0.326500 -0.102500
v 0.422000 0.327500 -0.101500
v 0.420000 0.327500 -0.101500
v 0.420000 0.326500 -0.102500
f 6877 6878 6879
f 6877 6879 6880
v 0.422000 0.331500 -0.113500
v 0.422000 0.330500 -0.114500
v 0.420000 0.330500 -0.114500
v 0.420000 0.331500 -0.113500
f 6881 6882 6883
f 6881 6883 6884
v 0.420000 0.331500 -0.102500
v 0.420000 0.330500 -0.101500
v 0.422000 0.330500 -0.101500
v 0.422000 0.331500 -0.102500
f 6885 6886 6887
f 6885 6887 6888
v 0.420000 0.327500 -0.114500
v 0.420000 0.326500 -0.113500
v 0.419000 0.327500 -0.113500
f 6889 6890 6891
v 0.419000 0.327500 -0.102500
v 0.420000 0.326500 -0.102500
v 0.420000 0.327500 -0.101500
f 6892 6893 6894
v 0.419000 0.330500 -0.113500
v 0.420000 0.331500 -0.113500
v 0.420000 0.330500 -0.114500
f 6895 6896 6897
v 0.420000 0.330500 -0.101500
v 0.420000 0.331500 -0.102500
v 0.419000 0.330500 -0.102500
f 6898 6899 6900
v 0.423000 0.327500 -0.113500
v 0.422000 0.326500 -0.113500
v 0.422000 0.327500 -0.114500
f 6901 6902 6903
v 0.422000 0.327500 -0.101500
v 0.422000 0.326500 -0.102500
v 0.423000 0.327500 -0.102500
f 6904 6905 6906
v 0.422000 0.330500 -0.114500
v 0.422000 0.331500 -0.113500
v 0.423000 0.330500 -0.113500
f 6907 6908 6909
v 0.423000 0.330500 -0.102500
v 0.422000 0.331500 -0.102500
v 0.422000 0.330500 -0.101500
f 6910 6911 6912
o Case_status_lamp
usemtl lamp
s off
v 0.315500 0.476500 -0.092500
v 0.315500 0.481500 -0.092500
v 0.315500 0.481500 -0.117500
v 0.315500 0.476500 -0.117500
f 6913 6914 6915
f 6913 6915 6916
v 0.342500 0.476500 -0.117500
v 0.342500 0.481500 -0.117500
v 0.342500 0.481500 -0.092500
v 0.342500 0.476500 -0.092500
f 6917 6918 6919
f 6917 6919 6920
v 0.317500 0.474500 -0.117500
v 0.340500 0.474500 -0.117500
v 0.340500 0.474500 -0.092500
v 0.317500 0.474500 -0.092500
f 6921 6922 6923
f 6921 6923 6924
v 0.317500 0.483500 -0.092500
v 0.340500 0.483500 -0.092500
v 0.340500 0.483500 -0.117500
v 0.317500 0.483500 -0.117500
f 6925 6926 6927
f 6925 6927 6928
v 0.317500 0.481500 -0.119500
v 0.340500 0.481500 -0.119500
v 0.340500 0.476500 -0.119500
v 0.317500 0.476500 -0.119500
f 6929 6930 6931
f 6929 6931 6932
v 0.317500 0.476500 -0.090500
v 0.340500 0.476500 -0.090500
v 0.340500 0.481500 -0.090500
v 0.317500 0.481500 -0.090500
f 6933 6934 6935
f 6933 6935 6936
v 0.315500 0.476500 -0.117500
v 0.317500 0.474500 -0.117500
v 0.317500 0.474500 -0.092500
v 0.315500 0.476500 -0.092500
f 6937 6938 6939
f 6937 6939 6940
v 0.315500 0.481500 -0.092500
v 0.317500 0.483500 -0.092500
v 0.317500 0.483500 -0.117500
v 0.315500 0.481500 -0.117500
f 6941 6942 6943
f 6941 6943 6944
v 0.342500 0.476500 -0.092500
v 0.340500 0.474500 -0.092500
v 0.340500 0.474500 -0.117500
v 0.342500 0.476500 -0.117500
f 6945 6946 6947
f 6945 6947 6948
v 0.342500 0.481500 -0.117500
v 0.340500 0.483500 -0.117500
v 0.340500 0.483500 -0.092500
v 0.342500 0.481500 -0.092500
f 6949 6950 6951
f 6949 6951 6952
v 0.315500 0.481500 -0.117500
v 0.317500 0.481500 -0.119500
v 0.317500 0.476500 -0.119500
v 0.315500 0.476500 -0.117500
f 6953 6954 6955
f 6953 6955 6956
v 0.315500 0.476500 -0.092500
v 0.317500 0.476500 -0.090500
v 0.317500 0.481500 -0.090500
v 0.315500 0.481500 -0.092500
f 6957 6958 6959
f 6957 6959 6960
v 0.342500 0.476500 -0.117500
v 0.340500 0.476500 -0.119500
v 0.340500 0.481500 -0.119500
v 0.342500 0.481500 -0.117500
f 6961 6962 6963
f 6961 6963 6964
v 0.342500 0.481500 -0.092500
v 0.340500 0.481500 -0.090500
v 0.340500 0.476500 -0.090500
v 0.342500 0.476500 -0.092500
f 6965 6966 6967
f 6965 6967 6968
v 0.317500 0.474500 -0.117500
v 0.317500 0.476500 -0.119500
v 0.340500 0.476500 -0.119500
v 0.340500 0.474500 -0.117500
f 6969 6970 6971
f 6969 6971 6972
v 0.340500 0.474500 -0.092500
v 0.340500 0.476500 -0.090500
v 0.317500 0.476500 -0.090500
v 0.317500 0.474500 -0.092500
f 6973 6974 6975
f 6973 6975 6976
v 0.340500 0.483500 -0.117500
v 0.340500 0.481500 -0.119500
v 0.317500 0.481500 -0.119500
v 0.317500 0.483500 -0.117500
f 6977 6978 6979
f 6977 6979 6980
v 0.317500 0.483500 -0.092500
v 0.317500 0.481500 -0.090500
v 0.340500 0.481500 -0.090500
v 0.340500 0.483500 -0.092500
f 6981 6982 6983
f 6981 6983 6984
v 0.317500 0.476500 -0.119500
v 0.317500 0.474500 -0.117500
v 0.315500 0.476500 -0.117500
f 6985 6986 6987
v 0.315500 0.476500 -0.092500
v 0.317500 0.474500 -0.092500
v 0.317500 0.476500 -0.090500
f 6988 6989 6990
v 0.315500 0.481500 -0.117500
v 0.317500 0.483500 -0.117500
v 0.317500 0.481500 -0.119500
f 6991 6992 6993
v 0.317500 0.481500 -0.090500
v 0.317500 0.483500 -0.092500
v 0.315500 0.481500 -0.092500
f 6994 6995 6996
v 0.342500 0.476500 -0.117500
v 0.340500 0.474500 -0.117500
v 0.340500 0.476500 -0.119500
f 6997 6998 6999
v 0.340500 0.476500 -0.090500
v 0.340500 0.474500 -0.092500
v 0.342500 0.476500 -0.092500
f 7000 7001 7002
v 0.340500 0.481500 -0.119500
v 0.340500 0.483500 -0.117500
v 0.342500 0.481500 -0.117500
f 7003 7004 7005
v 0.342500 0.481500 -0.092500
v 0.340500 0.483500 -0.092500
v 0.340500 0.481500 -0.090500
f 7006 7007 7008
